Product code;Language;Category;Price;Weight;Quantity;Downloadable;Product name;Description;Taxes;Features;Short description;Status;Divisions included;Divisions excluded
5e96d3d1b1dbd;fr;Category 1;400.00;0.00;1000000;N;Produit DE;;TVA 20%;;;H;DE;
5e96d3d240d8b;fr;Category 1;40.00;0.00;1000000;N;Produit IT;;TVA 20%;;;H;IT;
5e96d3d254408;fr;Category 1;4.00;0.00;1000000;N;Produit INVALID;;TVA 20%;;;H;;
5e96d3d28691d;fr;Category 1;300.00;0.00;1000000;N;Produit 73 74 sauf FR;;TVA 20%;;;H;FR-74|FR-73;FR
5e96d3d2a7c0f;fr;Category 1;30.00;0.00;1000000;N;Produit FR IT;;TVA 20%;;;H;FR|IT;
5e96d3d2daba5;fr;Category 1;3.00;0.00;1000000;N;Produit FR ARA IT 75;;TVA 20%;;;H;FR-ARA|IT|FR-75;
5e96d3d307c25;fr;Category 1;200.00;0.00;1000000;N;Produit IT-MI;;TVA 20%;;;H;IT-MI;
5e96d3d307c91;fr;Category 1;20.00;0.00;1000000;N;Produit 92 69;;TVA 20%;;;H;FR-92|FR-69;
5e96d3d33dbfa;fr;Category 1;2.00;0.00;1000000;N;Produit FR sauf IDF;;TVA 20%;;;H;FR;FR-IDF
5e96d3d340b88;fr;Category 1;100.00;0.00;1000000;N;Produit IDF sauf 75;;TVA 20%;;;H;FR-IDF;FR-75
5e96d3d373fc6;fr;Category 1;10.00;0.00;1000000;N;Produit 69;;TVA 20%;;;H;FR-69;
5e96d3d374cfb;fr;Category 1;1.00;0.00;1000000;N;Produit 0169;;TVA 20%;;;H;FR-01|FR-69;
5e96d3d3a3e07;fr;Category 1;7.00;0.00;1000000;N;Produit ALL sauf 69;;TVA 20%;;;H;ALL;FR-69
5e96d3d4026ef;fr;Category 1;5.00;0.00;1000000;N;Quenelles Lyonnaises;;TVA 20%;;;H;FR-ARA;
5e96d3d4367b2;fr;Category 1;10.00;0.00;1000000;N;Moutarde de Dijon;;TVA 20%;;;H;FR-BFC;
5e96d3d473cd0;fr;Category 1;10.00;0.00;1000000;N;Cidre Breton;;TVA 20%;;;H;FR-BFC;
5e96d3d4adbd0;fr;Category 1;100.00;0.00;1000000;N;Vin de Bordeaux;;TVA 20%;;;H;FR-NAQ;
5e96d3d4ead78;fr;Category 1;100.00;0.00;1000000;N;Chti;;TVA 20%;;;H;FR-NOR;
5e96d3d529cc4;fr;Category 1;100.00;0.00;1000000;N;Salade Niçoise;;TVA 20%;;;H;FR-PAC;
5e96d3d55b54b;fr;Category 1;100.00;0.00;1000000;N;Produit Outre-Mer;;TVA 20%;;;H;FR-NC|FR-PM|FR-TF|FR-WF|FR-BL|FR-PF|FR-MF|FR-GUA|FR-LRE|FR-MAY|FR-GF|FR-MQ|FR-COR;
5e96d3d593e87;fr;Category 2;10.00;0.00;1000000;N;Saucisse Toulousaine;;TVA 20%;;;H;FR-OCC;
5e96d3d5c42bb;fr;Category 2;400.00;0.00;1000000;N;AFGHANISTAN;;TVA 20%;;;H;AF;
5e96d3d608b56;fr;Category 2;40.00;0.00;1000000;N;AFRIQUE DU SUD;;TVA 20%;;;H;ZA;
5e96d3d63c22e;fr;Category 2;4.00;0.00;1000000;N;ÅLAND, ÎLES;;TVA 20%;;;H;;
5e96d3d68931a;fr;Category 2;300.00;0.00;1000000;N;ALBANIE;;TVA 20%;;;H;AL;
5e96d3d6bf7ee;fr;Category 2;30.00;0.00;1000000;N;ALGÉRIE;;TVA 20%;;;H;DZ;
5e96d3d7118d5;fr;Category 2;3.00;0.00;1000000;N;ALLEMAGNE;;TVA 20%;;;H;DE;
5e96d3d714ba6;fr;Category 2;200.00;0.00;1000000;N;ANDORRE;;TVA 20%;;;H;AD;
5e96d3d746fd8;fr;Category 2;20.00;0.00;1000000;N;ANGOLA;;TVA 20%;;;H;AO;
5e96d3d747117;fr;Category 2;2.00;0.00;1000000;N;ANGUILLA;;TVA 20%;;;H;;
5e96d3d780b95;fr;Category 2;100.00;0.00;1000000;N;ANTARCTIQUE;;TVA 20%;;;H;;
5e96d3d7b1865;fr;Category 2;10.00;0.00;1000000;N;ANTIGUA-ET-BARBUDA;;TVA 20%;;;H;AG;
5e96d3d7ba873;fr;Category 2;1.00;0.00;1000000;N;ARABIE SAOUDITE;;TVA 20%;;;H;SA;
5e96d3d7ed89e;fr;Category 2;7.00;0.00;1000000;N;ARGENTINE;;TVA 20%;;;H;AR;
5e96d3d7f1a9d;fr;Category 2;6.00;0.00;1000000;N;ARMÉNIE;;TVA 20%;;;H;AM;
5e96d3d82d142;fr;Category 2;5.00;0.00;1000000;N;ARUBA;;TVA 20%;;;H;;
5e96d3d831eff;fr;Category 2;10.00;0.00;1000000;N;AUSTRALIE;;TVA 20%;;;H;AU;
5e96d3d860a7b;fr;Category 2;10.00;0.00;1000000;N;AUTRICHE;;TVA 20%;;;H;AT;
5e96d3d8646e6;fr;Category 2;100.00;0.00;1000000;N;AZERBAÏDJAN;;TVA 20%;;;H;AZ;
5e96d3d89b873;fr;Category 2;100.00;0.00;1000000;N;BAHAMAS;;TVA 20%;;;H;BS;
5e96d3d89ea6e;fr;Category 2;100.00;0.00;1000000;N;BAHREÏN;;TVA 20%;;;H;BH;
5e96d3d8d5b92;fr;Category 2;100.00;0.00;1000000;N;BANGLADESH;;TVA 20%;;;H;BD;
5e96d3d8d8f0a;fr;Category 2;10.00;0.00;1000000;N;BARBADE;;TVA 20%;;;H;BB;
5e96d3d91f75f;fr;Category 2;400.00;0.00;1000000;N;BÉLARUS;;TVA 20%;;;H;BY;
5e96d3d9210d9;fr;Category 2;40.00;0.00;1000000;N;BELGIQUE;;TVA 20%;;;H;BE;
5e96d3d951487;fr;Category 2;4.00;0.00;1000000;N;BELIZE;;TVA 20%;;;H;BZ;
5e96d3d955be7;fr;Category 2;300.00;0.00;1000000;N;BÉNIN;;TVA 20%;;;H;BJ;
5e96d3d984815;fr;Category 2;30.00;0.00;1000000;N;BERMUDES;;TVA 20%;;;H;;
5e96d3d98949b;fr;Category 3;3.00;0.00;1000000;N;BHOUTAN;;TVA 20%;;;H;BT;
5e96d3d9ba6df;fr;Category 3;200.00;0.00;1000000;N;BOLIVIE, ÉTAT PLURINATIONAL DE;;TVA 20%;;;H;BO;
5e96d3d9bca89;fr;Category 3;20.00;0.00;1000000;N;BONAIRE, SAINT-EUSTACHE ET SABA;;TVA 20%;;;H;BQ;
5e96d3d9f0905;fr;Category 3;2.00;0.00;1000000;N;BOSNIE-HERZÉGOVINE;;TVA 20%;;;H;BA;
5e96d3d9f382d;fr;Category 3;100.00;0.00;1000000;N;BOTSWANA;;TVA 20%;;;H;BW;
5e96d3da3272e;fr;Category 3;10.00;0.00;1000000;N;BOUVET, ÎLE;;TVA 20%;;;H;;
5e96d3da34f9a;fr;Category 3;1.00;0.00;1000000;N;BRÉSIL;;TVA 20%;;;H;BR;
5e96d3da6bb28;fr;Category 3;7.00;0.00;1000000;N;BRUNÉI DARUSSALAM;;TVA 20%;;;H;BN;
5e96d3da6e63d;fr;Category 3;6.00;0.00;1000000;N;BULGARIE;;TVA 20%;;;H;BG;
5e96d3daa05a0;fr;Category 3;5.00;0.00;1000000;N;BURKINA FASO;;TVA 20%;;;H;BF;
5e96d3daa427d;fr;Category 3;10.00;0.00;1000000;N;BURUNDI;;TVA 20%;;;H;BI;
5e96d3dae11ef;fr;Category 3;100.00;0.00;1000000;N;CAMBODGE;;TVA 20%;;;H;KH;
5e96d3dae1430;fr;Category 3;10.00;0.00;1000000;N;CAÏMANES, ÎLES;;TVA 20%;;;H;;
5e96d3db2c2b1;fr;Category 3;100.00;0.00;1000000;N;CAMEROUN;;TVA 20%;;;H;CM;
5e96d3db2ce5e;fr;Category 3;100.00;0.00;1000000;N;CANADA;;TVA 20%;;;H;CA;
5e96d3db5f8f3;fr;Category 3;100.00;0.00;1000000;N;CABO VERDE;;TVA 20%;;;H;CV;
5e96d3db63a7c;fr;Category 3;10.00;0.00;1000000;N;CENTRAFRICAINE, RÉPUBLIQUE;;TVA 20%;;;H;CF;
5e96d3db98c7c;fr;Category 3;400.00;0.00;1000000;N;CHILI;;TVA 20%;;;H;CL;
5e96d3db9b5d3;fr;Category 3;40.00;0.00;1000000;N;CHINE;;TVA 20%;;;H;CN;
5e96d3dbd0f6e;fr;Category 3;4.00;0.00;1000000;N;CHRISTMAS, ÎLE;;TVA 20%;;;H;;
5e96d3dbd27b5;fr;Category 3;300.00;0.00;1000000;N;CHYPRE;;TVA 20%;;;H;CY;
5e96d3dc18456;fr;Category 3;30.00;0.00;1000000;N;COCOS (KEELING), ÎLES;;TVA 20%;;;H;;
5e96d3dc19092;fr;Category 3;3.00;0.00;1000000;N;COLOMBIE;;TVA 20%;;;H;CO;
5e96d3dc4cfa9;fr;Category 3;200.00;0.00;1000000;N;COMORES;;TVA 20%;;;H;KM;
5e96d3dc50df0;fr;Category 3;20.00;0.00;1000000;N;CONGO;;TVA 20%;;;H;CG;
5e96d3dc80c25;fr;Category 3;2.00;0.00;1000000;N;CONGO, LA RÉPUBLIQUE DÉMOCRATIQUE DU;;TVA 20%;;;H;CD;
5e96d3dc8554a;fr;Category 3;100.00;0.00;1000000;N;COOK, ÎLES;;TVA 20%;;;H;;
5e96d3dcbe043;fr;Category 3;10.00;0.00;1000000;N;CORÉE, RÉPUBLIQUE DE;;TVA 20%;;;H;KR;
5e96d3dcbed18;fr;Category 3;1.00;0.00;1000000;N;CORÉE, RÉPUBLIQUE POPULAIRE DÉMOCRATIQUE DE;;TVA 20%;;;H;KP;
5e96d3dd0326e;fr;Category 3;6.00;0.00;1000000;N;CÔTE D’IVOIRE;;TVA 20%;;;H;CI;
5e96d3dd0232d;fr;Category 3;7.00;0.00;1000000;N;COSTA RICA;;TVA 20%;;;H;CR;
5e96d3dd4c1a6;fr;Category 3;5.00;0.00;1000000;N;CROATIE;;TVA 20%;;;H;HR;
5e96d3dd4c2bf;fr;Category 3;10.00;0.00;1000000;N;CUBA;;TVA 20%;;;H;CU;
5e96d3dd8225c;fr;Category 3;10.00;0.00;1000000;N;CURAÇAO;;TVA 20%;;;H;;
5e96d3dd85ddb;fr;Category 3;100.00;0.00;1000000;N;DANEMARK;;TVA 20%;;;H;DK;
5e96d3ddb3be4;fr;Category 3;100.00;0.00;1000000;N;DJIBOUTI;;TVA 20%;;;H;DJ;
5e96d3ddb54b2;fr;Category 4;100.00;0.00;1000000;N;DOMINICAINE, RÉPUBLIQUE;;TVA 20%;;;H;DO;
5e96d3ddec88e;fr;Category 4;100.00;0.00;1000000;N;DOMINIQUE;;TVA 20%;;;H;DM;
5e96d3ddee41e;fr;Category 4;10.00;0.00;1000000;N;ÉGYPTE;;TVA 20%;;;H;EG;
5e96d3de36347;fr;Category 4;40.00;0.00;1000000;N;Vide;;TVA 20%;;;H;;
5e96d3de386a6;fr;Category 4;4.00;0.00;1000000;N;EL SALVADOR;;TVA 20%;;;H;SV;
5e96d3de6a4d3;fr;Category 4;300.00;0.00;1000000;N;ÉMIRATS ARABES UNIS;;TVA 20%;;;H;AE;
5e96d3de6e1e7;fr;Category 4;30.00;0.00;1000000;N;ÉQUATEUR;;TVA 20%;;;H;EC;
5e96d3dea093a;fr;Category 4;3.00;0.00;1000000;N;ÉRYTHRÉE;;TVA 20%;;;H;ER;
5e96d3dea28d7;fr;Category 4;200.00;0.00;1000000;N;ESPAGNE;;TVA 20%;;;H;ES;
5e96d3ded8e28;fr;Category 4;20.00;0.00;1000000;N;ESTONIE;;TVA 20%;;;H;EE;
5e96d3ded9769;fr;Category 4;2.00;0.00;1000000;N;ÉTATS-UNIS;;TVA 20%;;;H;US;
5e96d3df20bee;fr;Category 4;100.00;0.00;1000000;N;ÉTHIOPIE;;TVA 20%;;;H;ET;
5e96d3df21be5;fr;Category 4;10.00;0.00;1000000;N;FALKLAND, ÎLES (MALVINAS);;TVA 20%;;;H;;
5e96d3df56808;fr;Category 4;400.00;0.00;1000000;N;FÉROÉ, ÎLES;;TVA 20%;;;H;;
5e96d3df5a5a4;fr;Category 4;40.00;0.00;1000000;N;FIDJI;;TVA 20%;;;H;FJ;
5e96d3df92d6f;fr;Category 4;4.00;0.00;1000000;N;FINLANDE;;TVA 20%;;;H;FI;
5e96d3df97d9b;fr;Category 4;300.00;0.00;1000000;N;FRANCE;;TVA 20%;;;H;FR;
5e96d3dfe3958;fr;Category 4;30.00;0.00;1000000;N;GABON;;TVA 20%;;;H;GA;
5e96d3dfe7669;fr;Category 4;3.00;0.00;1000000;N;GAMBIE;;TVA 20%;;;H;GM;
5e96d3e027e5e;fr;Category 4;200.00;0.00;1000000;N;GÉORGIE;;TVA 20%;;;H;GE;
5e96d3e02dbb6;fr;Category 4;20.00;0.00;1000000;N;GÉORGIE DU SUD ET LES ÎLES SANDWICH DU SUD;;TVA 20%;;;H;;
5e96d3e062ddf;fr;Category 4;2.00;0.00;1000000;N;GHANA;;TVA 20%;;;H;GH;
5e96d3e067632;fr;Category 4;100.00;0.00;1000000;N;GIBRALTAR;;TVA 20%;;;H;;
5e96d3e0a17fc;fr;Category 4;10.00;0.00;1000000;N;GRÈCE;;TVA 20%;;;H;GR;
5e96d3e0a25ad;fr;Category 5;1.00;0.00;1000000;N;GRENADE;;TVA 20%;;;H;GD;
5e96d3e133c02;fr;Category 5;7.00;0.00;1000000;N;GROENLAND;;TVA 20%;;;H;GL;
5e96d3e138466;fr;Category 5;6.00;0.00;1000000;N;GUADELOUPE;;TVA 20%;;;H;;
5e96d3e171448;fr;Category 5;5.00;0.00;1000000;N;GUAM;;TVA 20%;;;H;;
5e96d3e176bbd;fr;Category 5;10.00;0.00;1000000;N;GUATEMALA;;TVA 20%;;;H;GT;
5e96d3e1aa9b6;fr;Category 5;10.00;0.00;1000000;N;GUERNESEY;;TVA 20%;;;H;;
5e96d3e1aea95;fr;Category 5;100.00;0.00;1000000;N;GUINÉE;;TVA 20%;;;H;GN;
5e96d3e1ec9f1;fr;Category 5;100.00;0.00;1000000;N;GUINÉE-BISSAU;;TVA 20%;;;H;GW;
5e96d3e1f05e4;fr;Category 5;100.00;0.00;1000000;N;GUINÉE ÉQUATORIALE;;TVA 20%;;;H;GQ;
5e96d3e23619a;fr;Category 5;100.00;0.00;1000000;N;GUYANA;;TVA 20%;;;H;GY;
5e96d3e2367c5;fr;Category 5;10.00;0.00;1000000;N;GUYANE FRANÇAISE;;TVA 20%;;;H;;
5e96d3e26fb01;fr;Category 5;400.00;0.00;1000000;N;HAÏTI;;TVA 20%;;;H;HT;
5e96d3e272041;fr;Category 5;40.00;0.00;1000000;N;HEARD ET MACDONALD, ÎLES;;TVA 20%;;;H;;
5e96d3e2ab1b1;fr;Category 5;4.00;0.00;1000000;N;HONDURAS;;TVA 20%;;;H;HN;
5e96d3e2ab9ee;fr;Category 5;300.00;0.00;1000000;N;HONG KONG;;TVA 20%;;;H;;
5e96d3e3c3bd2;fr;Category 5;30.00;0.00;1000000;N;HONGRIE;;TVA 20%;;;H;HU;
5e96d3e3c3d2d;fr;Category 5;3.00;0.00;1000000;N;ÎLE DE MAN;;TVA 20%;;;H;;
5e96d3e40c674;fr;Category 5;200.00;0.00;1000000;N;ÎLES MINEURES ÉLOIGNÉES DES ÉTATS-UNIS;;TVA 20%;;;H;UM;
5e96d3e411966;fr;Category 5;20.00;0.00;1000000;N;ÎLES VIERGES BRITANNIQUES;;TVA 20%;;;H;;
5e96d3e44a9c9;fr;Category 5;2.00;0.00;1000000;N;ÎLES VIERGES DES ÉTATS-UNIS;;TVA 20%;;;H;;
5e96d3e44f022;fr;Category 5;100.00;0.00;1000000;N;INDE;;TVA 20%;;;H;IN;
5e96d3e48938e;fr;Category 5;10.00;0.00;1000000;N;INDONÉSIE;;TVA 20%;;;H;ID;
5e96d3e4898fa;fr;Category 5;1.00;0.00;1000000;N;IRAN, RÉPUBLIQUE ISLAMIQUE D';;TVA 20%;;;H;IR;
5e96d3e4c7a41;fr;Category 5;7.00;0.00;1000000;N;IRAQ;;TVA 20%;;;H;IQ;
5e96d3e4ce861;fr;Category 5;6.00;0.00;1000000;N;IRLANDE;;TVA 20%;;;H;IE;
5e96d3e50f42c;fr;Category 5;5.00;0.00;1000000;N;ISLANDE;;TVA 20%;;;H;IS;
5e96d3e511929;fr;Category 5;10.00;0.00;1000000;N;ISRAËL;;TVA 20%;;;H;IL;
5e96d3e548a0a;fr;Category 5;10.00;0.00;1000000;N;ITALIE;;TVA 20%;;;H;IT;
5e96d3e54b128;fr;Category 5;100.00;0.00;1000000;N;JAMAÏQUE;;TVA 20%;;;H;JM;
5e96d3e593ecb;fr;Category 5;100.00;0.00;1000000;N;JAPON;;TVA 20%;;;H;JP;
5e96d3e594339;fr;Category 5;100.00;0.00;1000000;N;JERSEY;;TVA 20%;;;H;;
5e96d3e5d2007;fr;Category 5;100.00;0.00;1000000;N;JORDANIE;;TVA 20%;;;H;JO;
5e96d3e5d2e53;fr;Category 5;10.00;0.00;1000000;N;KAZAKHSTAN;;TVA 20%;;;H;KZ;
5e96d3e61dc68;fr;Category 5;400.00;0.00;1000000;N;KENYA;;TVA 20%;;;H;KE;
5e96d3e623516;fr;Category 5;40.00;0.00;1000000;N;KIRGHIZISTAN;;TVA 20%;;;H;KG;
5e96d3e65d61c;fr;Category 5;4.00;0.00;1000000;N;KIRIBATI;;TVA 20%;;;H;KI;
5e96d3e65da59;fr;Category 5;300.00;0.00;1000000;N;KOWEÏT;;TVA 20%;;;H;KW;
5e96d3e69439b;fr;Category 5;30.00;0.00;1000000;N;LAO, RÉPUBLIQUE DÉMOCRATIQUE POPULAIRE;;TVA 20%;;;H;LA;
5e96d3e695f32;fr;Category 5;3.00;0.00;1000000;N;LESOTHO;;TVA 20%;;;H;LS;
5e96d3e6cb261;fr;Category 5;200.00;0.00;1000000;N;LETTONIE;;TVA 20%;;;H;LV;
5e96d3e6d01e4;fr;Category 5;20.00;0.00;1000000;N;LIBAN;;TVA 20%;;;H;LB;
5e96d3e71a088;fr;Category 5;2.00;0.00;1000000;N;LIBÉRIA;;TVA 20%;;;H;LR;
5e96d3e71aa6a;fr;Category 5;100.00;0.00;1000000;N;LIBYE;;TVA 20%;;;H;LY;
5e96d3e751fbe;fr;Category 5;10.00;0.00;1000000;N;LIECHTENSTEIN;;TVA 20%;;;H;LI;
5e96d3e7550d5;fr;Category 5;1.00;0.00;1000000;N;LITUANIE;;TVA 20%;;;H;LT;
5e96d3e78cb4b;fr;Category 5;7.00;0.00;1000000;N;LUXEMBOURG;;TVA 20%;;;H;LU;
5e96d3e78f74d;fr;Category 5;6.00;0.00;1000000;N;MACAO;;TVA 20%;;;H;;
5e96d3e7c7a50;fr;Category 5;5.00;0.00;1000000;N;RÉPUBLIQUE DE MACÉDOINE;;TVA 20%;;;H;MK;
5e96d3e7cd755;fr;Category 5;10.00;0.00;1000000;N;MADAGASCAR;;TVA 20%;;;H;MG;
5e96d3e812cd7;fr;Category 5;10.00;0.00;1000000;N;MALAISIE;;TVA 20%;;;H;MY;
5e96d3e818e6c;fr;Category 5;100.00;0.00;1000000;N;MALAWI;;TVA 20%;;;H;MW;
5e96d3e84d108;fr;Category 5;100.00;0.00;1000000;N;MALDIVES;;TVA 20%;;;H;MV;
5e96d3e84d6e5;fr;Category 5;100.00;0.00;1000000;N;MALI;;TVA 20%;;;H;ML;
5e96d3e885064;fr;Category 5;100.00;0.00;1000000;N;MALTE;;TVA 20%;;;H;MT;
5e96d3e8858fa;fr;Category 5;10.00;0.00;1000000;N;MARIANNES DU NORD, ÎLES;;TVA 20%;;;H;;
5e96d3e8bee8b;fr;Category 5;400.00;0.00;1000000;N;MAROC;;TVA 20%;;;H;MA;
5e96d3e8c0ca9;fr;Category 5;40.00;0.00;1000000;N;MARSHALL, ÎLES;;TVA 20%;;;H;MH;
5e96d3e90891a;fr;Category 5;4.00;0.00;1000000;N;MARTINIQUE;;TVA 20%;;;H;;
5e96d3e90976e;fr;Category 5;300.00;0.00;1000000;N;MAURICE;;TVA 20%;;;H;MU;
5e96d3e943e70;fr;Category 5;30.00;0.00;1000000;N;MAURITANIE;;TVA 20%;;;H;MR;
5e96d3e94a67d;fr;Category 5;3.00;0.00;1000000;N;MAYOTTE;;TVA 20%;;;H;;
5e96d3e97ecde;fr;Category 5;200.00;0.00;1000000;N;MEXIQUE;;TVA 20%;;;H;MX;
5e96d3e981444;fr;Category 5;20.00;0.00;1000000;N;MICRONÉSIE, ÉTATS FÉDÉRÉS DE;;TVA 20%;;;H;FM;
5e96d3e9b630e;fr;Category 5;2.00;0.00;1000000;N;MOLDAVIE;;TVA 20%;;;H;MD;
5e96d3e9b7aa6;fr;Category 6;100.00;0.00;1000000;N;MONACO;;TVA 20%;;;H;MC;
5e96d3ea00c2f;fr;Category 6;10.00;0.00;1000000;N;MONGOLIE;;TVA 20%;;;H;MN;
5e96d3ea0193b;fr;Category 6;400.00;0.00;1000000;N;MONTÉNÉGRO;;TVA 20%;;;H;ME;
5e96d3ea3c7e3;fr;Category 6;40.00;0.00;1000000;N;MONTSERRAT;;TVA 20%;;;H;;
5e96d3ea3ff8c;fr;Category 6;4.00;0.00;1000000;N;MOZAMBIQUE;;TVA 20%;;;H;MZ;
5e96d3ea70e3b;fr;Category 6;300.00;0.00;1000000;N;MYANMAR;;TVA 20%;;;H;MM;
5e96d3ea7481b;fr;Category 6;30.00;0.00;1000000;N;NAMIBIE;;TVA 20%;;;H;NA;
5e96d3eaa7abf;fr;Category 6;3.00;0.00;1000000;N;NAURU;;TVA 20%;;;H;NR;
5e96d3eaacb6b;fr;Category 6;200.00;0.00;1000000;N;NÉPAL;;TVA 20%;;;H;NP;
5e96d3eae090c;fr;Category 6;20.00;0.00;1000000;N;NICARAGUA;;TVA 20%;;;H;NI;
5e96d3eae2e99;fr;Category 6;2.00;0.00;1000000;N;NIGER;;TVA 20%;;;H;NE;
5e96d3eb2cace;fr;Category 6;100.00;0.00;1000000;N;NIGÉRIA;;TVA 20%;;;H;NG;
5e96d3eb31dff;fr;Category 6;10.00;0.00;1000000;N;NIUÉ;;TVA 20%;;;H;;
5e96d3eb7a87d;fr;Category 6;1.00;0.00;1000000;N;NORFOLK, ÎLE;;TVA 20%;;;H;;
5e96d3eb7feb4;fr;Category 6;7.00;0.00;1000000;N;NORVÈGE;;TVA 20%;;;H;NO;
5e96d3ebb3e47;fr;Category 6;6.00;0.00;1000000;N;NOUVELLE-CALÉDONIE;;TVA 20%;;;H;;
5e96d3ebb48b8;fr;Category 6;5.00;0.00;1000000;N;NOUVELLE-ZÉLANDE;;TVA 20%;;;H;NZ;
5e96d3ebf0f44;fr;Category 6;10.00;0.00;1000000;N;OCÉAN INDIEN, TERRITOIRE BRITANNIQUE DE L';;TVA 20%;;;H;;
5e96d3ec00e98;fr;Category 6;10.00;0.00;1000000;N;OMAN;;TVA 20%;;;H;OM;
5e96d3ec3879b;fr;Category 6;100.00;0.00;1000000;N;OUGANDA;;TVA 20%;;;H;UG;
5e96d3ec3bc02;fr;Category 6;100.00;0.00;1000000;N;OUZBÉKISTAN;;TVA 20%;;;H;UZ;
5e96d3ec79562;fr;Category 6;100.00;0.00;1000000;N;PAKISTAN;;TVA 20%;;;H;PK;
5e96d3ec80c7b;fr;Category 6;100.00;0.00;1000000;N;PALAOS;;TVA 20%;;;H;PW;
5e96d3ecb22ca;fr;Category 6;10.00;0.00;1000000;N;ÉTAT DE PALESTINE;;TVA 20%;;;H;PS;
5e96d3ecb6691;fr;Category 6;400.00;0.00;1000000;N;PANAMA;;TVA 20%;;;H;PA;
5e96d3ecee0cb;fr;Category 6;40.00;0.00;1000000;N;PAPOUASIE-NOUVELLE-GUINÉE;;TVA 20%;;;H;PG;
5e96d3ecf12ae;fr;Category 6;4.00;0.00;1000000;N;PARAGUAY;;TVA 20%;;;H;PY;
5e96d3ed43cce;fr;Category 6;300.00;0.00;1000000;N;PAYS-BAS;;TVA 20%;;;H;NL;
5e96d3ed6bb59;fr;Category 6;30.00;0.00;1000000;N;PÉROU;;TVA 20%;;;H;PE;
5e96d3ed95240;fr;Category 6;3.00;0.00;1000000;N;PHILIPPINES;;TVA 20%;;;H;PH;
5e96d3edbd55f;fr;Category 6;200.00;0.00;1000000;N;PITCAIRN;;TVA 20%;;;H;;
5e96d3ee1dbe5;fr;Category 6;20.00;0.00;1000000;N;POLOGNE;;TVA 20%;;;H;PL;
5e96d3ee58ae9;fr;Category 6;2.00;0.00;1000000;N;POLYNÉSIE FRANÇAISE;;TVA 20%;;;H;;
5e96d3ee927c1;fr;Category 6;100.00;0.00;1000000;N;PORTO RICO;;TVA 20%;;;H;;
5e96d3ee9ea26;fr;Category 6;10.00;0.00;1000000;N;PORTUGAL;;TVA 20%;;;H;PT;
5e96d3eecfef7;fr;Category 6;1.00;0.00;1000000;N;QATAR;;TVA 20%;;;H;QA;
5e96d3eed7e84;fr;Category 6;7.00;0.00;1000000;N;RÉUNION;;TVA 20%;;;H;;
5e96d3ef22dc0;fr;Category 6;6.00;0.00;1000000;N;ROUMANIE;;TVA 20%;;;H;RO;
5e96d3ef5f659;fr;Category 6;5.00;0.00;1000000;N;ROYAUME-UNI;;TVA 20%;;;H;GB;
5e96d3efc01e2;fr;Category 6;10.00;0.00;1000000;N;RUSSIE, FÉDÉRATION DE;;TVA 20%;;;H;RU;
5e96d3f014153;fr;Category 6;10.00;0.00;1000000;N;RWANDA;;TVA 20%;;;H;RW;
5e96d3f03af17;fr;Category 6;100.00;0.00;1000000;N;SAHARA OCCIDENTAL;;TVA 20%;;;H;;
5e96d3f0c8be9;fr;Category 6;100.00;0.00;1000000;N;SAINT-BARTHÉLEMY;;TVA 20%;;;H;;
5e96d3f0d2e97;fr;Category 6;100.00;0.00;1000000;N;SAINT-KITTS-ET-NEVIS;;TVA 20%;;;H;KN;
5e96d3f10f8ba;fr;Category 6;100.00;0.00;1000000;N;SAINT-MARIN;;TVA 20%;;;H;SM;
5e96d3f1119ad;fr;Category 6;10.00;0.00;1000000;N;SAINT-MARTIN (PARTIE FRANÇAISE);;TVA 20%;;;H;;
5e96d3f14a111;fr;Category 6;400.00;0.00;1000000;N;SAINT-MARTIN (PARTIE NÉERLANDAISE);;TVA 20%;;;H;;
5e96d3f14ad9f;fr;Category 6;40.00;0.00;1000000;N;SAINT-PIERRE-ET-MIQUELON;;TVA 20%;;;H;;
5e96d3f19620c;fr;Category 6;4.00;0.00;1000000;N;SAINT-SIÈGE (ÉTAT DE LA CITÉ DU VATICAN);;TVA 20%;;;H;;
5e96d3f1cdaa9;fr;Category 7;300.00;0.00;1000000;N;SAINT-VINCENT-ET-LES-GRENADINES;;TVA 20%;;;H;VC;
5e96d3f1d2f75;fr;Category 7;30.00;0.00;1000000;N;SAINTE-HÉLÈNE, ASCENSION ET TRISTAN DA CUNHA;;TVA 20%;;;H;SH;
5e96d3f210f5f;fr;Category 7;3.00;0.00;1000000;N;SAINTE-LUCIE;;TVA 20%;;;H;LC;
5e96d3f2159cc;fr;Category 7;200.00;0.00;1000000;N;SALOMON, ÎLES;;TVA 20%;;;H;SB;
5e96d3f24c8e8;fr;Category 7;2.00;0.00;1000000;N;SAMOA AMÉRICAINES;;TVA 20%;;;H;;
5e96d3f24e7e1;fr;Category 7;20.00;0.00;1000000;N;SAMOA;;TVA 20%;;;H;WS;
5e96d3f2838b2;fr;Category 7;100.00;0.00;1000000;N;SAO TOMÉ-ET-PRINCIPE;;TVA 20%;;;H;ST;
5e96d3f28e1b5;fr;Category 7;10.00;0.00;1000000;N;SÉNÉGAL;;TVA 20%;;;H;SN;
5e96d3f2bc009;fr;Category 7;1.00;0.00;1000000;N;SERBIE;;TVA 20%;;;H;RS;
5e96d3f2c0f23;fr;Category 7;7.00;0.00;1000000;N;SEYCHELLES;;TVA 20%;;;H;SC;
5e96d3f3068a6;fr;Category 7;6.00;0.00;1000000;N;SIERRA LEONE;;TVA 20%;;;H;SL;
5e96d3f3083cb;fr;Category 7;5.00;0.00;1000000;N;SINGAPOUR;;TVA 20%;;;H;SG;
5e96d3f342282;fr;Category 7;10.00;0.00;1000000;N;SLOVAQUIE;;TVA 20%;;;H;SK;
5e96d3f349fb9;fr;Category 7;10.00;0.00;1000000;N;SLOVÉNIE;;TVA 20%;;;H;SI;
5e96d3f386917;fr;Category 7;100.00;0.00;1000000;N;SOMALIE;;TVA 20%;;;H;SO;
5e96d3f38ec59;fr;Category 7;100.00;0.00;1000000;N;SOUDAN;;TVA 20%;;;H;SD;
5e96d3f3c5a20;fr;Category 7;100.00;0.00;1000000;N;SRI LANKA;;TVA 20%;;;H;LK;
5e96d3f3c8b53;fr;Category 7;100.00;0.00;1000000;N;SOUDAN DU SUD;;TVA 20%;;;H;SS;
5e96d3f410c0f;fr;Category 7;10.00;0.00;1000000;N;SUÈDE;;TVA 20%;;;H;SE;
5e96d3f415864;fr;Category 7;400.00;0.00;1000000;N;SUISSE;;TVA 20%;;;H;CH;
5e96d3f44d078;fr;Category 7;40.00;0.00;1000000;N;SURINAME;;TVA 20%;;;H;SR;
5e96d3f44f270;fr;Category 7;4.00;0.00;1000000;N;SVALBARD ET ÎLE JAN MAYEN;;TVA 20%;;;H;;
5e96d3f48841f;fr;Category 7;300.00;0.00;1000000;N;ESWATINI;;TVA 20%;;;H;SZ;
5e96d3f48a8c0;fr;Category 7;30.00;0.00;1000000;N;SYRIENNE, RÉPUBLIQUE ARABE;;TVA 20%;;;H;SY;
5e96d3f4c1ba7;fr;Category 7;3.00;0.00;1000000;N;TADJIKISTAN;;TVA 20%;;;H;TJ;
5e96d3f4c421c;fr;Category 7;200.00;0.00;1000000;N;TAÏWAN, PROVINCE DE CHINE;;TVA 20%;;;H;TW;
5e96d3f509490;fr;Category 7;20.00;0.00;1000000;N;TANZANIE, RÉPUBLIQUE UNIE DE;;TVA 20%;;;H;TZ;
5e96d3f5106a2;fr;Category 7;2.00;0.00;1000000;N;TCHAD;;TVA 20%;;;H;TD;
5e96d3f5495c3;fr;Category 7;100.00;0.00;1000000;N;TCHÉQUIE;;TVA 20%;;;H;CZ;
5e96d3f54ae9b;fr;Category 7;10.00;0.00;1000000;N;TERRES AUSTRALES FRANÇAISES;;TVA 20%;;;H;;
5e96d3f588cb4;fr;Category 7;40.00;0.00;1000000;N;TIMOR-LESTE;;TVA 20%;;;H;TL;
5e96d3f588d2f;fr;Category 7;400.00;0.00;1000000;N;THAÏLANDE;;TVA 20%;;;H;TH;
5e96d3f5cb83c;fr;Category 7;4.00;0.00;1000000;N;TOGO;;TVA 20%;;;H;TG;
5e96d3f5cdde9;fr;Category 7;300.00;0.00;1000000;N;TOKELAU;;TVA 20%;;;H;;
5e96d3f6265a1;fr;Category 8;30.00;0.00;1000000;N;TONGA;;TVA 20%;;;H;TO;
5e96d3f628045;fr;Category 8;3.00;0.00;1000000;N;TRINITÉ-ET-TOBAGO;;TVA 20%;;;H;TT;
5e96d3f664c19;fr;Category 8;20.00;0.00;1000000;N;TURKMÉNISTAN;;TVA 20%;;;H;TM;
5e96d3f666fac;fr;Category 8;200.00;0.00;1000000;N;TUNISIE;;TVA 20%;;;H;TN;
5e96d3f6a093b;fr;Category 8;2.00;0.00;1000000;N;TURKS ET CAÏQUES, ÎLES;;TVA 20%;;;H;;
5e96d3f6a3792;fr;Category 8;100.00;0.00;1000000;N;TURQUIE;;TVA 20%;;;H;TR;
5e96d3f6e0c6d;fr;Category 8;10.00;0.00;1000000;N;TUVALU;;TVA 20%;;;H;TV;
5e96d3f6e1a9b;fr;Category 8;1.00;0.00;1000000;N;UKRAINE;;TVA 20%;;;H;UA;
5e96d3f73808b;fr;Category 8;6.00;0.00;1000000;N;VANUATU;;TVA 20%;;;H;VU;
5e96d3f738946;fr;Category 8;7.00;0.00;1000000;N;URUGUAY;;TVA 20%;;;H;UY;
5e96d3f776bb1;fr;Category 8;5.00;0.00;1000000;N;VENEZUELA, RÉPUBLIQUE BOLIVARIENNE DU;;TVA 20%;;;H;VE;
5e96d3f77ad34;fr;Category 8;10.00;0.00;1000000;N;VIET NAM;;TVA 20%;;;H;VN;
5e96d3f7b902e;fr;Category 8;10.00;0.00;1000000;N;WALLIS-ET-FUTUNA;;TVA 20%;;;H;WF;
5e96d3f7bd7ba;fr;Category 8;100.00;0.00;1000000;N;YÉMEN;;TVA 20%;;;H;YE;
5e96d3f802634;fr;Category 8;100.00;0.00;1000000;N;ZAMBIE;;TVA 20%;;;H;ZM;
5e96d3f8044cf;fr;Category 8;100.00;0.00;1000000;N;ZIMBABWE;;TVA 20%;;;H;ZW;
