Product code;Product name;Quantity;Price;Divisions included;Language;Category;Taxes;Status;Image URL
1916200931;Chapelure De Pain - Style Japonais FR;100000;359;PH;fr;Catégorie 2;TVA 20%;A;http://dummyimage.com/264x306.jpg/dddddd/000000
861428544;Soupe - Ragoût de boeuf Campbells FR;100000;273;ID;fr;Catégorie 9;TVA 20%;A;http://dummyimage.com/309x335.jpg/5fa2dd/ffffff
8604415637;Bacardi Mojito FR;100000;500;ZA;fr;Catégorie 1;TVA 20%;A;http://dummyimage.com/334x386.jpg/ff4444/ffffff
3371683834;Icecream - Dstk Cml et Fdg FR;100000;71;RS;fr;Catégorie 6;TVA 20%;A;http://dummyimage.com/283x376.jpg/5fa2dd/ffffff
5048292995;Poudre de wasabi FR;100000;418;BR;fr;Catégorie 7;TVA 20%;A;http://dummyimage.com/317x278.png/ff4444/ffffff
3654846432;Muffin - Bleuet Individuel FR;100000;118;ID;fr;Catégorie 1;TVA 20%;A;http://dummyimage.com/389x278.bmp/dddddd/000000
1046416847;Boeuf - Contre-filet de Kobe FR;100000;500;MX;fr;Catégorie 4;TVA 20%;A;http://dummyimage.com/383x371.png/ff4444/ffffff
4673786033;Betteraves - Candy Cane, Bio FR;100000;350;ID;fr;Catégorie 2;TVA 20%;A;http://dummyimage.com/338x308.png/cc0000/ffffff
5190288781;Sauce - Courant noir, mélange sec FR;100000;458;CN;fr;Catégorie 8;TVA 20%;A;http://dummyimage.com/282x348.jpg/ff4444/ffffff
1706778325;Café - Torréfaction foncée FR;100000;79;RU;fr;Catégorie 4;TVA 20%;A;http://dummyimage.com/359x301.bmp/5fa2dd/ffffff
2289113603;Arizona - Thé vert prune FR;100000;9;RU;fr;Catégorie 6;TVA 20%;A;http://dummyimage.com/385x251.jpg/dddddd/000000
661978141;Boeuf - Os, Cut - Up FR;100000;24;JP;fr;Catégorie 10;TVA 20%;A;http://dummyimage.com/256x392.jpg/cc0000/ffffff
9919816310;Sambuca - Opale Nera FR;100000;58;PS;fr;Catégorie 3;TVA 20%;A;http://dummyimage.com/300x359.jpg/dddddd/000000
1127021923;Rouleau de pays FR;100000;114;AR;fr;Catégorie 9;TVA 20%;A;http://dummyimage.com/298x370.bmp/5fa2dd/ffffff
510052045;Poulet - Friteuses entières FR;100000;262;RU;fr;Catégorie 7;TVA 20%;A;http://dummyimage.com/377x296.jpg/cc0000/ffffff
4454033544;Apéritif - Boîte variée FR;100000;482;ID;fr;Catégorie 8;TVA 20%;A;http://dummyimage.com/301x350.bmp/ff4444/ffffff
3389488952;Sobe - Carotte Orange FR;100000;235;CN;fr;Catégorie 5;TVA 20%;A;http://dummyimage.com/357x342.png/5fa2dd/ffffff
6387453011;Mûres FR;100000;318;PH;fr;Catégorie 10;TVA 20%;A;http://dummyimage.com/311x356.jpg/dddddd/000000
9169558442;Groseilles FR;100000;309;ID;fr;Catégorie 5;TVA 20%;A;http://dummyimage.com/267x280.png/ff4444/ffffff
1261333594;Sour Puss Sour Apple FR;100000;332;CN;fr;Catégorie 9;TVA 20%;A;http://dummyimage.com/397x372.jpg/cc0000/ffffff
9774228715;Barre de chocolat - Coffee Crisp FR;100000;235;CO;fr;Catégorie 3;TVA 20%;A;http://dummyimage.com/302x335.jpg/ff4444/ffffff
7424288644;Feuilles de lotus FR;100000;93;TH;fr;Catégorie 5;TVA 20%;A;http://dummyimage.com/313x393.jpg/ff4444/ffffff
2156141908;Veau - Filet de porc, non paré FR;100000;200;FR;fr;Catégorie 7;TVA 20%;A;http://dummyimage.com/290x349.png/ff4444/ffffff
8822708253;Schnappes - Pêche, Marcheurs FR;100000;498;JP;fr;Catégorie 8;TVA 20%;A;http://dummyimage.com/388x282.jpg/cc0000/ffffff
8760742992;Pain - Pita FR;100000;109;CO;fr;Catégorie 10;TVA 20%;A;http://dummyimage.com/347x306.png/ff4444/ffffff
5059068129;Vin - Rhine Riesling Wolf Blass FR;100000;229;AZ;fr;Catégorie 1;TVA 20%;A;http://dummyimage.com/285x356.bmp/cc0000/ffffff
451911652;Vin - Blanc, Antinore Orvieto FR;100000;232;ID;fr;Catégorie 4;TVA 20%;A;http://dummyimage.com/354x374.bmp/ff4444/ffffff
4291592264;Gâteau - Choclate de nuit et de jour FR;100000;74;CO;fr;Catégorie 10;TVA 20%;A;http://dummyimage.com/353x322.png/ff4444/ffffff
6458239076;Oignons - espagnol FR;100000;255;CN;fr;Catégorie 6;TVA 20%;A;http://dummyimage.com/256x393.bmp/5fa2dd/ffffff
6936399436;Artichaut - Coeurs, en conserve FR;100000;443;US;fr;Catégorie 10;TVA 20%;A;http://dummyimage.com/333x322.jpg/dddddd/000000
8878986844;Boutons FR;100000;126;RU;fr;Catégorie 7;TVA 20%;A;http://dummyimage.com/262x371.png/ff4444/ffffff
8293201;Vin - Wyndham Estate Bin 777 FR;100000;50;CZ;fr;Catégorie 8;TVA 20%;A;http://dummyimage.com/256x381.bmp/5fa2dd/ffffff
7519848027;Vin - Saint - Bris 2002, Sauv FR;100000;308;RU;fr;Catégorie 5;TVA 20%;A;http://dummyimage.com/376x368.bmp/dddddd/000000
2248390351;Nettoyant - Eau de Javel FR;100000;270;UA;fr;Catégorie 5;TVA 20%;A;http://dummyimage.com/359x285.png/ff4444/ffffff
4941131304;Rhum - Mount Gay Eclipes FR;100000;327;YE;fr;Catégorie 6;TVA 20%;A;http://dummyimage.com/334x321.png/5fa2dd/ffffff
8534595186;Nettoyant - Lime Away FR;100000;49;CN;fr;Catégorie 7;TVA 20%;A;http://dummyimage.com/359x360.png/cc0000/ffffff
5967434275;Boeuf - Moyen haché FR;100000;227;AL;fr;Catégorie 4;TVA 20%;A;http://dummyimage.com/358x336.bmp/5fa2dd/ffffff
7869034460;Laitue - Radicchio FR;100000;473;TJ;fr;Catégorie 6;TVA 20%;A;http://dummyimage.com/399x364.bmp/5fa2dd/ffffff
7608211253;Ranchero - Primerba, pâte FR;100000;411;CN;fr;Catégorie 9;TVA 20%;A;http://dummyimage.com/260x279.bmp/ff4444/ffffff
2800233796;Épée Pick Asst FR;100000;368;SE;fr;Catégorie 7;TVA 20%;A;http://dummyimage.com/378x256.png/ff4444/ffffff
6239658383;Vin - Jafflin Bourgongone FR;100000;200;BR;fr;Catégorie 6;TVA 20%;A;http://dummyimage.com/345x302.jpg/ff4444/ffffff
5310179844;Noix - Noisette, moulue, naturelle FR;100000;218;CN;fr;Catégorie 1;TVA 20%;A;http://dummyimage.com/361x255.jpg/5fa2dd/ffffff
2675391573;Emballage plastique FR;100000;18;CN;fr;Catégorie 7;TVA 20%;A;http://dummyimage.com/344x294.bmp/cc0000/ffffff
7299657937;Noix - Graines de citrouille FR;100000;423;NA;fr;Catégorie 7;TVA 20%;A;http://dummyimage.com/381x392.bmp/cc0000/ffffff
3155691034;Pain - Multigrain, Pain FR;100000;151;TD;fr;Catégorie 1;TVA 20%;A;http://dummyimage.com/359x296.jpg/cc0000/ffffff
6688082829;Bulgare FR;100000;403;PE;fr;Catégorie 9;TVA 20%;A;http://dummyimage.com/332x356.jpg/ff4444/ffffff
2840915642;Eau gazeuse - Pêche FR;100000;406;CN;fr;Catégorie 8;TVA 20%;A;http://dummyimage.com/279x305.jpg/5fa2dd/ffffff
9510903671;Fromage - Mozzarella FR;100000;321;WF;fr;Catégorie 2;TVA 20%;A;http://dummyimage.com/359x260.png/dddddd/000000
6255440575;Oignons - Cippolini FR;100000;250;EG;fr;Catégorie 5;TVA 20%;A;http://dummyimage.com/321x363.png/dddddd/000000
7972453756;Noix - Noisette, Entière FR;100000;414;JP;fr;Catégorie 8;TVA 20%;A;http://dummyimage.com/337x349.bmp/dddddd/000000
5599175030;Poire - Packum FR;100000;67;TJ;fr;Catégorie 10;TVA 20%;A;http://dummyimage.com/285x313.jpg/5fa2dd/ffffff
7101043143;Purée - Goyave FR;100000;124;CN;fr;Catégorie 7;TVA 20%;A;http://dummyimage.com/395x370.jpg/dddddd/000000
2311495356;Vin - Sauvignon Blanc FR;100000;364;PH;fr;Catégorie 8;TVA 20%;A;http://dummyimage.com/331x281.png/cc0000/ffffff
2878286944;Dc - Momji glacé FR;100000;418;US;fr;Catégorie 6;TVA 20%;A;http://dummyimage.com/321x339.bmp/cc0000/ffffff
5903644511;Fruit à pain FR;100000;42;PT;fr;Catégorie 4;TVA 20%;A;http://dummyimage.com/386x372.bmp/ff4444/ffffff
4432796278;Flocons de maïs FR;100000;445;PH;fr;Catégorie 5;TVA 20%;A;http://dummyimage.com/306x347.png/cc0000/ffffff
9215788611;Prince russe FR;100000;80;CN;fr;Catégorie 1;TVA 20%;A;http://dummyimage.com/266x267.bmp/dddddd/000000
16544471;Haricots - Haricots noirs, en conserve FR;100000;18;FR;fr;Catégorie 2;TVA 20%;A;http://dummyimage.com/279x324.png/ff4444/ffffff
7402465853;Pain - Baguette de blé FR;100000;45;EC;fr;Catégorie 8;TVA 20%;A;http://dummyimage.com/254x380.png/5fa2dd/ffffff
2936942217;Amaretto FR;100000;343;AM;fr;Catégorie 7;TVA 20%;A;http://dummyimage.com/303x286.jpg/ff4444/ffffff
3414503611;Groseilles FR;100000;178;CN;fr;Catégorie 9;TVA 20%;A;http://dummyimage.com/299x275.jpg/ff4444/ffffff
636508455;Pâtes - Fettuccine, sèches FR;100000;286;AM;fr;Catégorie 6;TVA 20%;A;http://dummyimage.com/386x368.bmp/cc0000/ffffff
4781079954;Lait de coco - non sucré FR;100000;439;ID;fr;Catégorie 2;TVA 20%;A;http://dummyimage.com/337x268.jpg/cc0000/ffffff
6774143741;Jambon - Italien cuit FR;100000;263;GR;fr;Catégorie 7;TVA 20%;A;http://dummyimage.com/291x314.bmp/ff4444/ffffff
7928547597;Base à Pain - Or Formel FR;100000;205;CN;fr;Catégorie 9;TVA 20%;A;http://dummyimage.com/283x365.jpg/5fa2dd/ffffff
5465365447;Brioches à la cannelle FR;100000;195;CN;fr;Catégorie 3;TVA 20%;A;http://dummyimage.com/318x334.bmp/dddddd/000000
7650673987;Asperges - surgelées FR;100000;238;ID;fr;Catégorie 1;TVA 20%;A;http://dummyimage.com/382x370.bmp/cc0000/ffffff
8129051761;Boeuf - Queues de filet FR;100000;37;FR;fr;Catégorie 8;TVA 20%;A;http://dummyimage.com/328x318.bmp/dddddd/000000
5027503156;Bac à poussière robuste FR;100000;65;CN;fr;Catégorie 6;TVA 20%;A;http://dummyimage.com/341x265.jpg/dddddd/000000
3600775278;Petite baguette FR;100000;174;PH;fr;Catégorie 9;TVA 20%;A;http://dummyimage.com/375x300.bmp/dddddd/000000
9375918653;Raifort - Préparé FR;100000;1;PH;fr;Catégorie 1;TVA 20%;A;http://dummyimage.com/258x281.jpg/5fa2dd/ffffff
184366895;Poulet - Ailes, pourboire FR;100000;279;ID;fr;Catégorie 5;TVA 20%;A;http://dummyimage.com/380x279.jpg/ff4444/ffffff
7007191096;Mélange à muffins - Gruau FR;100000;269;ID;fr;Catégorie 10;TVA 20%;A;http://dummyimage.com/364x368.png/dddddd/000000
4262791661;Vin - Rouge, Wolf Blass, Jaune FR;100000;189;CN;fr;Catégorie 1;TVA 20%;A;http://dummyimage.com/261x314.png/cc0000/ffffff
5924315517;Beurre - Salé, Micro FR;100000;487;SE;fr;Catégorie 4;TVA 20%;A;http://dummyimage.com/349x365.jpg/ff4444/ffffff
6576727364;Pepsi - Régime, 355 ml FR;100000;49;ID;fr;Catégorie 7;TVA 20%;A;http://dummyimage.com/310x286.bmp/5fa2dd/ffffff
9425798702;Vin - Rouge, Mouton Cadet FR;100000;433;AL;fr;Catégorie 1;TVA 20%;A;http://dummyimage.com/268x365.png/5fa2dd/ffffff
1371790221;Laitue - Curly Endive FR;100000;171;IR;fr;Catégorie 8;TVA 20%;A;http://dummyimage.com/339x363.jpg/dddddd/000000
441692834;Pain - Baguette Calabrais FR;100000;183;CZ;fr;Catégorie 10;TVA 20%;A;http://dummyimage.com/303x267.bmp/cc0000/ffffff
9208160262;Assaisonnement Goulash FR;100000;259;CN;fr;Catégorie 3;TVA 20%;A;http://dummyimage.com/321x324.bmp/5fa2dd/ffffff
7174804632;Pâte feuilletée - Feuilles FR;100000;201;VN;fr;Catégorie 7;TVA 20%;A;http://dummyimage.com/329x375.bmp/5fa2dd/ffffff
1414393946;Vin - Huître Sauvignon Blanc FR;100000;25;DE;fr;Catégorie 10;TVA 20%;A;http://dummyimage.com/324x395.jpg/5fa2dd/ffffff
9568830359;Lait - 2% 250 ml FR;100000;433;RS;fr;Catégorie 5;TVA 20%;A;http://dummyimage.com/337x280.bmp/dddddd/000000
9527241618;Fromage - Mascarpone FR;100000;32;FR;fr;Catégorie 5;TVA 20%;A;http://dummyimage.com/353x250.png/5fa2dd/ffffff
1120993474;Veau - Cuisse, Provimi - 50 Lb Max FR;100000;491;WS;fr;Catégorie 10;TVA 20%;A;http://dummyimage.com/308x297.bmp/ff4444/ffffff
9174907840;Vin - Piper Heidsieck Brut FR;100000;415;ID;fr;Catégorie 7;TVA 20%;A;http://dummyimage.com/330x396.png/dddddd/000000
8915061225;Pain - Triangle Blanc FR;100000;428;CA;fr;Catégorie 7;TVA 20%;A;http://dummyimage.com/369x386.png/cc0000/ffffff
2560379929;Veau - Os FR;100000;53;ID;fr;Catégorie 10;TVA 20%;A;http://dummyimage.com/288x271.jpg/ff4444/ffffff
7374995121;Apéritif - Sud-ouest FR;100000;126;MX;fr;Catégorie 7;TVA 20%;A;http://dummyimage.com/295x356.jpg/dddddd/000000
3984875770;Poire - épineux FR;100000;53;ID;fr;Catégorie 2;TVA 20%;A;http://dummyimage.com/281x310.png/cc0000/ffffff
9179254381;Crabe - Combo viande FR;100000;362;ID;fr;Catégorie 9;TVA 20%;A;http://dummyimage.com/321x313.jpg/cc0000/ffffff
5141850676;Nappe 62x114 Couleur FR;100000;117;PL;fr;Catégorie 7;TVA 20%;A;http://dummyimage.com/372x305.png/dddddd/000000
4677764980;Longos - Tortellini au fromage FR;100000;315;BR;fr;Catégorie 6;TVA 20%;A;http://dummyimage.com/262x327.bmp/5fa2dd/ffffff
2401203362;Queue de langoustine FR;100000;196;TZ;fr;Catégorie 2;TVA 20%;A;http://dummyimage.com/377x344.jpg/5fa2dd/ffffff
8958121165;Vin - Automne Sawmill Creek FR;100000;194;BD;fr;Catégorie 10;TVA 20%;A;http://dummyimage.com/271x289.bmp/ff4444/ffffff
1858233755;Crème tartare FR;100000;15;PT;fr;Catégorie 7;TVA 20%;A;http://dummyimage.com/329x270.png/dddddd/000000
6984152550;Whmis - Déclencheur de vaporisateur FR;100000;390;VE;fr;Catégorie 1;TVA 20%;A;http://dummyimage.com/373x396.jpg/ff4444/ffffff
7031683394;Figues FR;100000;402;CZ;fr;Catégorie 9;TVA 20%;A;http://dummyimage.com/308x313.jpg/cc0000/ffffff
8257051020;Sloe Gin - Mcguinness FR;100000;449;JP;fr;Catégorie 3;TVA 20%;A;http://dummyimage.com/258x323.png/dddddd/000000
5578576419;Brandy Cherry - Mcguinness FR;100000;427;CN;fr;Catégorie 1;TVA 20%;A;http://dummyimage.com/390x251.jpg/5fa2dd/ffffff
36066095;Vin - Puligny Montrachet A. FR;100000;379;ZA;fr;Catégorie 1;TVA 20%;A;http://dummyimage.com/254x371.bmp/ff4444/ffffff
4682059955;Seau - 15l blanc, avec poignée FR;100000;438;ID;fr;Catégorie 2;TVA 20%;A;http://dummyimage.com/294x390.jpg/dddddd/000000
7522134366;Café - Café décaféiné FR;100000;387;CO;fr;Catégorie 9;TVA 20%;A;http://dummyimage.com/319x272.png/ff4444/ffffff
2481376854;Vin - Saké FR;100000;483;PH;fr;Catégorie 10;TVA 20%;A;http://dummyimage.com/291x348.bmp/dddddd/000000
2993091204;Lait - 1% FR;100000;463;FR;fr;Catégorie 2;TVA 20%;A;http://dummyimage.com/259x321.png/5fa2dd/ffffff
2149225476;Beurre - Non salé FR;100000;332;PH;fr;Catégorie 8;TVA 20%;A;http://dummyimage.com/314x330.bmp/cc0000/ffffff
8546306184;Coeurs de quenouilles FR;100000;96;VE;fr;Catégorie 4;TVA 20%;A;http://dummyimage.com/273x321.bmp/dddddd/000000
1339685612;Vin - Réserve Malbec Trapiche FR;100000;140;PE;fr;Catégorie 6;TVA 20%;A;http://dummyimage.com/310x302.bmp/ff4444/ffffff
9605490978;Soupe - Boeuf Conomme, Sec FR;100000;60;PK;fr;Catégorie 5;TVA 20%;A;http://dummyimage.com/254x351.bmp/ff4444/ffffff
4370124557;Huile - Carthame FR;100000;482;RU;fr;Catégorie 9;TVA 20%;A;http://dummyimage.com/293x368.bmp/dddddd/000000
1845742257;Épice - Mélange de poivre FR;100000;323;CN;fr;Catégorie 5;TVA 20%;A;http://dummyimage.com/367x261.bmp/cc0000/ffffff
9306697597;Crème - 18% FR;100000;278;MX;fr;Catégorie 10;TVA 20%;A;http://dummyimage.com/253x281.bmp/cc0000/ffffff
7150619169;Fromage - Montery Jack FR;100000;221;AX;fr;Catégorie 5;TVA 20%;A;http://dummyimage.com/340x336.bmp/5fa2dd/ffffff
7715040835;Pickerel - Filets FR;100000;263;CN;fr;Catégorie 8;TVA 20%;A;http://dummyimage.com/309x298.jpg/cc0000/ffffff
2466789175;Semelle - Filet FR;100000;434;UG;fr;Catégorie 3;TVA 20%;A;http://dummyimage.com/381x335.bmp/cc0000/ffffff
6810599355;Farine - Seigle FR;100000;127;MG;fr;Catégorie 4;TVA 20%;A;http://dummyimage.com/309x341.bmp/dddddd/000000
4239800927;Graines de fenouil FR;100000;175;PH;fr;Catégorie 1;TVA 20%;A;http://dummyimage.com/367x291.jpg/cc0000/ffffff
7342573302;Sucre - Inverser FR;100000;411;RU;fr;Catégorie 5;TVA 20%;A;http://dummyimage.com/400x366.bmp/5fa2dd/ffffff
4983271783;Composé - Fruit de la passion FR;100000;79;PT;fr;Catégorie 4;TVA 20%;A;http://dummyimage.com/314x349.png/ff4444/ffffff
2957923203;Oignons - Cippolini FR;100000;255;TH;fr;Catégorie 10;TVA 20%;A;http://dummyimage.com/308x392.png/5fa2dd/ffffff
1700405101;Jus de canneberge, 341 ml FR;100000;217;CN;fr;Catégorie 2;TVA 20%;A;http://dummyimage.com/323x379.jpg/cc0000/ffffff
7951091286;Couvercle Dome Transparent P92008h FR;100000;349;CN;fr;Catégorie 10;TVA 20%;A;http://dummyimage.com/397x354.png/ff4444/ffffff
2682389805;Cannelle - moulue FR;100000;389;FR;fr;Catégorie 2;TVA 20%;A;http://dummyimage.com/342x344.bmp/5fa2dd/ffffff
5367527035;Plateau en mousse S2 FR;100000;91;SE;fr;Catégorie 5;TVA 20%;A;http://dummyimage.com/327x253.jpg/cc0000/ffffff
573942269;Haricots - Tortue, Noir, Sec FR;100000;489;PL;fr;Catégorie 1;TVA 20%;A;http://dummyimage.com/253x271.jpg/ff4444/ffffff
5957788120;Absolut Citron FR;100000;278;MX;fr;Catégorie 6;TVA 20%;A;http://dummyimage.com/307x373.png/cc0000/ffffff
5559186414;Fib N9 - Poudre de Prague FR;100000;161;NG;fr;Catégorie 10;TVA 20%;A;http://dummyimage.com/369x358.png/cc0000/ffffff
9633034981;Lait - 2% FR;100000;353;VE;fr;Catégorie 3;TVA 20%;A;http://dummyimage.com/272x281.jpg/ff4444/ffffff
887741118;Apéritif - Shrimp Puff FR;100000;261;CN;fr;Catégorie 7;TVA 20%;A;http://dummyimage.com/354x334.bmp/dddddd/000000
8068206361;Vermouth - Blanc, Cinzano FR;100000;327;CN;fr;Catégorie 1;TVA 20%;A;http://dummyimage.com/308x259.png/ff4444/ffffff
1981252924;Liqueur Hipnotiq FR;100000;285;CZ;fr;Catégorie 10;TVA 20%;A;http://dummyimage.com/383x262.png/5fa2dd/ffffff
426506332;Trueblue - Myrtille FR;100000;66;PE;fr;Catégorie 1;TVA 20%;A;http://dummyimage.com/313x271.png/dddddd/000000
3606776330;Bette à carde - Rouge FR;100000;141;CO;fr;Catégorie 9;TVA 20%;A;http://dummyimage.com/279x287.jpg/ff4444/ffffff
6969549623;Vin - Riesling semi-sec Vineland FR;100000;180;PL;fr;Catégorie 4;TVA 20%;A;http://dummyimage.com/384x369.png/dddddd/000000
3906725464;Vin - Savigny - Les - Beaune FR;100000;228;PL;fr;Catégorie 10;TVA 20%;A;http://dummyimage.com/387x360.jpg/ff4444/ffffff
79416845;Régime 7up, 355 ml FR;100000;225;ID;fr;Catégorie 7;TVA 20%;A;http://dummyimage.com/255x285.bmp/5fa2dd/ffffff
8285397610;Vin - Masi Valpolocell FR;100000;461;PT;fr;Catégorie 5;TVA 20%;A;http://dummyimage.com/377x306.jpg/cc0000/ffffff
2166342183;Ginsing - Frais FR;100000;118;CO;fr;Catégorie 7;TVA 20%;A;http://dummyimage.com/273x328.bmp/dddddd/000000
6084529720;Poire - épineux FR;100000;481;NG;fr;Catégorie 3;TVA 20%;A;http://dummyimage.com/384x367.jpg/cc0000/ffffff
2046712226;Feuilles vertes aux algues FR;100000;200;ID;fr;Catégorie 4;TVA 20%;A;http://dummyimage.com/370x375.jpg/ff4444/ffffff
4699111637;Café Royale FR;100000;92;XK;fr;Catégorie 7;TVA 20%;A;http://dummyimage.com/342x306.jpg/dddddd/000000
3920819446;Conteneur - 3 oz Microwave Rect. FR;100000;416;CZ;fr;Catégorie 10;TVA 20%;A;http://dummyimage.com/313x271.bmp/cc0000/ffffff
6263863471;Racine de lotus FR;100000;307;CN;fr;Catégorie 1;TVA 20%;A;http://dummyimage.com/376x260.png/5fa2dd/ffffff
4086297469;Champignon - Trompette, Sec FR;100000;338;MN;fr;Catégorie 6;TVA 20%;A;http://dummyimage.com/298x332.jpg/cc0000/ffffff
9600524076;Caille - Entier, Os - Dans FR;100000;131;KR;fr;Catégorie 7;TVA 20%;A;http://dummyimage.com/398x400.png/ff4444/ffffff
5662370559;Nappe 90x90 Blanc FR;100000;430;PH;fr;Catégorie 3;TVA 20%;A;http://dummyimage.com/293x316.jpg/ff4444/ffffff
8362893001;Poulet - Poitrine, 5-7 Oz FR;100000;348;CZ;fr;Catégorie 10;TVA 20%;A;http://dummyimage.com/259x338.png/ff4444/ffffff
3824981920;Vin - Fontanafredda Barolo FR;100000;492;BR;fr;Catégorie 3;TVA 20%;A;http://dummyimage.com/320x310.png/dddddd/000000
5299874618;Gant - Coupe FR;100000;116;ID;fr;Catégorie 5;TVA 20%;A;http://dummyimage.com/378x364.png/dddddd/000000
482550090;Fromage - Saint-André FR;100000;340;LA;fr;Catégorie 10;TVA 20%;A;http://dummyimage.com/261x254.jpg/ff4444/ffffff
2783263874;Café - Torréfaction foncée FR;100000;492;FR;fr;Catégorie 7;TVA 20%;A;http://dummyimage.com/298x292.png/dddddd/000000
8165239503;kiwi FR;100000;64;BR;fr;Catégorie 8;TVA 20%;A;http://dummyimage.com/323x313.bmp/cc0000/ffffff
6969731103;Biscuit - Gruau FR;100000;283;BR;fr;Catégorie 4;TVA 20%;A;http://dummyimage.com/261x280.jpg/dddddd/000000
4045180796;Serviette - Boisson 1 pli FR;100000;450;TH;fr;Catégorie 4;TVA 20%;A;http://dummyimage.com/280x387.bmp/5fa2dd/ffffff
3116537267;Huile - Canola FR;100000;118;UA;fr;Catégorie 6;TVA 20%;A;http://dummyimage.com/255x333.jpg/5fa2dd/ffffff
7269570647;Veau - Ris de Veau FR;100000;71;NI;fr;Catégorie 10;TVA 20%;A;http://dummyimage.com/309x286.jpg/ff4444/ffffff
470612304;Fromage - Cheddar Perron FR;100000;232;BR;fr;Catégorie 6;TVA 20%;A;http://dummyimage.com/348x271.png/ff4444/ffffff
6328182724;Whmis - Déclencheur de vaporisateur FR;100000;117;CA;fr;Catégorie 2;TVA 20%;A;http://dummyimage.com/350x329.png/cc0000/ffffff
7387946027;Sauce - Soja, Légère FR;100000;408;CN;fr;Catégorie 1;TVA 20%;A;http://dummyimage.com/398x284.jpg/5fa2dd/ffffff
4682259784;Soupe - Ragoût de boeuf Campbells FR;100000;194;PE;fr;Catégorie 5;TVA 20%;A;http://dummyimage.com/361x291.jpg/ff4444/ffffff
3753893188;Chou-rave FR;100000;477;MV;fr;Catégorie 3;TVA 20%;A;http://dummyimage.com/283x376.png/dddddd/000000
9186137190;Berry Brulee FR;100000;257;VN;fr;Catégorie 2;TVA 20%;A;http://dummyimage.com/326x265.png/5fa2dd/ffffff
6166482655;Œufs de caille - en conserve FR;100000;495;CN;fr;Catégorie 5;TVA 20%;A;http://dummyimage.com/362x346.bmp/cc0000/ffffff
1779919689;Fromage - Cheddar râpé / Mozza FR;100000;120;HR;fr;Catégorie 1;TVA 20%;A;http://dummyimage.com/339x355.png/dddddd/000000
2270771303;Soupe - Campbells - Tomate FR;100000;164;PL;fr;Catégorie 10;TVA 20%;A;http://dummyimage.com/335x293.png/cc0000/ffffff
9060367367;Chocolat - Composé de chips FR;100000;489;ID;fr;Catégorie 6;TVA 20%;A;http://dummyimage.com/328x397.jpg/ff4444/ffffff
453378692;Noix - Châtaignes, Entières FR;100000;173;US;fr;Catégorie 6;TVA 20%;A;http://dummyimage.com/310x343.bmp/5fa2dd/ffffff
3706740842;Muffin - Bran Ind Wrpd FR;100000;330;CZ;fr;Catégorie 9;TVA 20%;A;http://dummyimage.com/365x341.png/5fa2dd/ffffff
6659101519;Artichaut - Fond, en conserve FR;100000;103;CZ;fr;Catégorie 5;TVA 20%;A;http://dummyimage.com/251x269.png/cc0000/ffffff
7077203107;Sauce - Rosee FR;100000;149;CA;fr;Catégorie 7;TVA 20%;A;http://dummyimage.com/354x264.png/dddddd/000000
6506450193;Asperges - blanches, fraîches FR;100000;393;PT;fr;Catégorie 9;TVA 20%;A;http://dummyimage.com/322x396.jpg/dddddd/000000
8729429366;Poulet - Filet FR;100000;197;MX;fr;Catégorie 2;TVA 20%;A;http://dummyimage.com/273x366.png/5fa2dd/ffffff
7971281595;Abricot Brandy FR;100000;159;CN;fr;Catégorie 7;TVA 20%;A;http://dummyimage.com/255x351.jpg/5fa2dd/ffffff
97367176;Artichauts - Jérusalem FR;100000;322;FR;fr;Catégorie 5;TVA 20%;A;http://dummyimage.com/355x382.png/ff4444/ffffff
7732802179;Mousse - Mangue FR;100000;119;CN;fr;Catégorie 7;TVA 20%;A;http://dummyimage.com/330x364.jpg/5fa2dd/ffffff
5182579659;Pepsi - Régime, 355 ml FR;100000;287;PT;fr;Catégorie 7;TVA 20%;A;http://dummyimage.com/318x319.png/dddddd/000000
3964164704;Veau - Filet de porc, non paré FR;100000;43;CN;fr;Catégorie 3;TVA 20%;A;http://dummyimage.com/333x382.bmp/5fa2dd/ffffff
5653251895;Muffin aux carottes - Individuel FR;100000;79;MZ;fr;Catégorie 6;TVA 20%;A;http://dummyimage.com/394x395.bmp/5fa2dd/ffffff
8279320016;Rouleau de chou FR;100000;272;UG;fr;Catégorie 1;TVA 20%;A;http://dummyimage.com/321x380.png/ff4444/ffffff
257895825;Pomello FR;100000;188;PL;fr;Catégorie 10;TVA 20%;A;http://dummyimage.com/372x370.jpg/5fa2dd/ffffff
4006423500;Fromage - Asiago FR;100000;36;CN;fr;Catégorie 7;TVA 20%;A;http://dummyimage.com/365x260.bmp/dddddd/000000
4764436361;Sage Derby FR;100000;240;PL;fr;Catégorie 2;TVA 20%;A;http://dummyimage.com/372x312.bmp/5fa2dd/ffffff
4975458209;Pain - Petit pain, dîner canadien FR;100000;428;US;fr;Catégorie 7;TVA 20%;A;http://dummyimage.com/305x343.bmp/dddddd/000000
8162096477;Lidsoupcont Rp12dn FR;100000;348;FJ;fr;Catégorie 6;TVA 20%;A;http://dummyimage.com/313x367.jpg/5fa2dd/ffffff
462280853;Vin - Vin de glace FR;100000;355;CN;fr;Catégorie 2;TVA 20%;A;http://dummyimage.com/350x321.jpg/cc0000/ffffff
1007100907;Produits Everfresh FR;100000;187;ID;fr;Catégorie 7;TVA 20%;A;http://dummyimage.com/287x370.png/ff4444/ffffff
386724105;Chocolat - Non sucré FR;100000;396;PK;fr;Catégorie 6;TVA 20%;A;http://dummyimage.com/252x259.png/5fa2dd/ffffff
7486585677;Colorant alimentaire - Orange FR;100000;118;CZ;fr;Catégorie 8;TVA 20%;A;http://dummyimage.com/295x351.jpg/cc0000/ffffff
328101370;Anguille - Fumé FR;100000;255;RU;fr;Catégorie 7;TVA 20%;A;http://dummyimage.com/263x327.jpg/5fa2dd/ffffff
9401863423;Jello - Assorti FR;100000;51;PL;fr;Catégorie 10;TVA 20%;A;http://dummyimage.com/355x372.jpg/dddddd/000000
6791773480;Tête de vadrouille - Coton, 24 oz FR;100000;109;RU;fr;Catégorie 1;TVA 20%;A;http://dummyimage.com/296x265.bmp/dddddd/000000
5867612821;Vin - Chenin Blanc K.w.v. FR;100000;51;BD;fr;Catégorie 3;TVA 20%;A;http://dummyimage.com/315x267.bmp/cc0000/ffffff
1785177893;Vin - Rouge, Mosaïque Zweigelt FR;100000;214;AR;fr;Catégorie 3;TVA 20%;A;http://dummyimage.com/364x364.bmp/5fa2dd/ffffff
6088267321;Grenades FR;100000;115;PH;fr;Catégorie 1;TVA 20%;A;http://dummyimage.com/294x309.png/ff4444/ffffff
7221473196;Paprika fumé FR;100000;286;MA;fr;Catégorie 7;TVA 20%;A;http://dummyimage.com/265x398.jpg/5fa2dd/ffffff
7603354242;Vin - Prem Select Charddonany FR;100000;330;HR;fr;Catégorie 4;TVA 20%;A;http://dummyimage.com/272x288.png/5fa2dd/ffffff
9328295556;Sauce Bbq Smokey FR;100000;359;ID;fr;Catégorie 10;TVA 20%;A;http://dummyimage.com/369x278.png/ff4444/ffffff
8640201250;Jambon - Virginie FR;100000;482;CN;fr;Catégorie 9;TVA 20%;A;http://dummyimage.com/316x366.bmp/ff4444/ffffff
2211128610;Fournisseur externe FR;100000;87;ID;fr;Catégorie 3;TVA 20%;A;http://dummyimage.com/353x350.png/ff4444/ffffff
2979264164;Radis daikon;100000;82;AT;fr;Category 9;TVA 20%;A;http://dummyimage.com/397x373.bmp/ff4444/ffffff
1916200931;Bread Crumbs - Japanese Style EN;100000;359;PH;en;Category 2;TVA 20%;A;http://dummyimage.com/264x306.jpg/dddddd/000000
861428544;Soup - Campbells Beef Stew EN;100000;273;ID;en;Category 9;TVA 20%;A;http://dummyimage.com/309x335.jpg/5fa2dd/ffffff
8604415637;Bacardi Mojito EN;100000;500;ZA;en;Category 1;TVA 20%;A;http://dummyimage.com/334x386.jpg/ff4444/ffffff
3371683834;Icecream - Dstk Cml And Fdg EN;100000;71;RS;en;Category 6;TVA 20%;A;http://dummyimage.com/283x376.jpg/5fa2dd/ffffff
5048292995;Wasabi Powder EN;100000;418;BR;en;Category 7;TVA 20%;A;http://dummyimage.com/317x278.png/ff4444/ffffff
3654846432;Muffin - Blueberry Individual EN;100000;118;ID;en;Category 1;TVA 20%;A;http://dummyimage.com/389x278.bmp/dddddd/000000
1046416847;Beef - Kobe Striploin EN;100000;500;MX;en;Category 4;TVA 20%;A;http://dummyimage.com/383x371.png/ff4444/ffffff
4673786033;Beets - Candy Cane, Organic EN;100000;350;ID;en;Category 2;TVA 20%;A;http://dummyimage.com/338x308.png/cc0000/ffffff
5190288781;Sauce - Black Current, Dry Mix EN;100000;458;CN;en;Category 8;TVA 20%;A;http://dummyimage.com/282x348.jpg/ff4444/ffffff
1706778325;Coffee - Dark Roast EN;100000;79;RU;en;Category 4;TVA 20%;A;http://dummyimage.com/359x301.bmp/5fa2dd/ffffff
2289113603;Arizona - Plum Green Tea EN;100000;9;RU;en;Category 6;TVA 20%;A;http://dummyimage.com/385x251.jpg/dddddd/000000
661978141;Beef - Bones, Cut - Up EN;100000;24;JP;en;Category 10;TVA 20%;A;http://dummyimage.com/256x392.jpg/cc0000/ffffff
9919816310;Sambuca - Opal Nera EN;100000;58;PS;en;Category 3;TVA 20%;A;http://dummyimage.com/300x359.jpg/dddddd/000000
1127021923;Country Roll EN;100000;114;AR;en;Category 9;TVA 20%;A;http://dummyimage.com/298x370.bmp/5fa2dd/ffffff
510052045;Chicken - Whole Fryers EN;100000;262;RU;en;Category 7;TVA 20%;A;http://dummyimage.com/377x296.jpg/cc0000/ffffff
4454033544;Appetizer - Assorted Box EN;100000;482;ID;en;Category 8;TVA 20%;A;http://dummyimage.com/301x350.bmp/ff4444/ffffff
3389488952;Sobe - Orange Carrot EN;100000;235;CN;en;Category 5;TVA 20%;A;http://dummyimage.com/357x342.png/5fa2dd/ffffff
6387453011;Blackberries EN;100000;318;PH;en;Category 10;TVA 20%;A;http://dummyimage.com/311x356.jpg/dddddd/000000
9169558442;Currants EN;100000;309;ID;en;Category 5;TVA 20%;A;http://dummyimage.com/267x280.png/ff4444/ffffff
1261333594;Sour Puss Sour Apple EN;100000;332;CN;en;Category 9;TVA 20%;A;http://dummyimage.com/397x372.jpg/cc0000/ffffff
9774228715;Chocolate Bar - Coffee Crisp EN;100000;235;CO;en;Category 3;TVA 20%;A;http://dummyimage.com/302x335.jpg/ff4444/ffffff
7424288644;Lotus Leaves EN;100000;93;TH;en;Category 5;TVA 20%;A;http://dummyimage.com/313x393.jpg/ff4444/ffffff
2156141908;Veal - Tenderloin, Untrimmed EN;100000;200;FR;en;Category 7;TVA 20%;A;http://dummyimage.com/290x349.png/ff4444/ffffff
8822708253;Schnappes - Peach, Walkers EN;100000;498;JP;en;Category 8;TVA 20%;A;http://dummyimage.com/388x282.jpg/cc0000/ffffff
8760742992;Bread - Pita EN;100000;109;CO;en;Category 10;TVA 20%;A;http://dummyimage.com/347x306.png/ff4444/ffffff
5059068129;Wine - Rhine Riesling Wolf Blass EN;100000;229;AZ;en;Category 1;TVA 20%;A;http://dummyimage.com/285x356.bmp/cc0000/ffffff
451911652;Wine - White, Antinore Orvieto EN;100000;232;ID;en;Category 4;TVA 20%;A;http://dummyimage.com/354x374.bmp/ff4444/ffffff
4291592264;Cake - Night And Day Choclate EN;100000;74;CO;en;Category 10;TVA 20%;A;http://dummyimage.com/353x322.png/ff4444/ffffff
6458239076;Onions - Spanish EN;100000;255;CN;en;Category 6;TVA 20%;A;http://dummyimage.com/256x393.bmp/5fa2dd/ffffff
6936399436;Artichoke - Hearts, Canned EN;100000;443;US;en;Category 10;TVA 20%;A;http://dummyimage.com/333x322.jpg/dddddd/000000
8878986844;Buttons EN;100000;126;RU;en;Category 7;TVA 20%;A;http://dummyimage.com/262x371.png/ff4444/ffffff
8293201;Wine - Wyndham Estate Bin 777 EN;100000;50;CZ;en;Category 8;TVA 20%;A;http://dummyimage.com/256x381.bmp/5fa2dd/ffffff
7519848027;Wine - Saint - Bris 2002, Sauv EN;100000;308;RU;en;Category 5;TVA 20%;A;http://dummyimage.com/376x368.bmp/dddddd/000000
2248390351;Cleaner - Bleach EN;100000;270;UA;en;Category 5;TVA 20%;A;http://dummyimage.com/359x285.png/ff4444/ffffff
4941131304;Rum - Mount Gay Eclipes EN;100000;327;YE;en;Category 6;TVA 20%;A;http://dummyimage.com/334x321.png/5fa2dd/ffffff
8534595186;Cleaner - Lime Away EN;100000;49;CN;en;Category 7;TVA 20%;A;http://dummyimage.com/359x360.png/cc0000/ffffff
5967434275;Beef - Ground Medium EN;100000;227;AL;en;Category 4;TVA 20%;A;http://dummyimage.com/358x336.bmp/5fa2dd/ffffff
7869034460;Lettuce - Radicchio EN;100000;473;TJ;en;Category 6;TVA 20%;A;http://dummyimage.com/399x364.bmp/5fa2dd/ffffff
7608211253;Ranchero - Primerba, Paste EN;100000;411;CN;en;Category 9;TVA 20%;A;http://dummyimage.com/260x279.bmp/ff4444/ffffff
2800233796;Sword Pick Asst EN;100000;368;SE;en;Category 7;TVA 20%;A;http://dummyimage.com/378x256.png/ff4444/ffffff
6239658383;Wine - Jafflin Bourgongone EN;100000;200;BR;en;Category 6;TVA 20%;A;http://dummyimage.com/345x302.jpg/ff4444/ffffff
5310179844;Nut - Hazelnut, Ground, Natural EN;100000;218;CN;en;Category 1;TVA 20%;A;http://dummyimage.com/361x255.jpg/5fa2dd/ffffff
2675391573;Plastic Wrap EN;100000;18;CN;en;Category 7;TVA 20%;A;http://dummyimage.com/344x294.bmp/cc0000/ffffff
7299657937;Nut - Pumpkin Seeds EN;100000;423;NA;en;Category 7;TVA 20%;A;http://dummyimage.com/381x392.bmp/cc0000/ffffff
3155691034;Bread - Multigrain, Loaf EN;100000;151;TD;en;Category 1;TVA 20%;A;http://dummyimage.com/359x296.jpg/cc0000/ffffff
6688082829;Bulgar EN;100000;403;PE;en;Category 9;TVA 20%;A;http://dummyimage.com/332x356.jpg/ff4444/ffffff
2840915642;Carbonated Water - Peach EN;100000;406;CN;en;Category 8;TVA 20%;A;http://dummyimage.com/279x305.jpg/5fa2dd/ffffff
9510903671;Cheese - Mozzarella EN;100000;321;WF;en;Category 2;TVA 20%;A;http://dummyimage.com/359x260.png/dddddd/000000
6255440575;Onions - Cippolini EN;100000;250;EG;en;Category 5;TVA 20%;A;http://dummyimage.com/321x363.png/dddddd/000000
7972453756;Nut - Hazelnut, Whole EN;100000;414;JP;en;Category 8;TVA 20%;A;http://dummyimage.com/337x349.bmp/dddddd/000000
5599175030;Pear - Packum EN;100000;67;TJ;en;Category 10;TVA 20%;A;http://dummyimage.com/285x313.jpg/5fa2dd/ffffff
7101043143;Puree - Guava EN;100000;124;CN;en;Category 7;TVA 20%;A;http://dummyimage.com/395x370.jpg/dddddd/000000
2311495356;Wine - Sauvignon Blanc EN;100000;364;PH;en;Category 8;TVA 20%;A;http://dummyimage.com/331x281.png/cc0000/ffffff
2878286944;Dc - Frozen Momji EN;100000;418;US;en;Category 6;TVA 20%;A;http://dummyimage.com/321x339.bmp/cc0000/ffffff
5903644511;Breadfruit EN;100000;42;PT;en;Category 4;TVA 20%;A;http://dummyimage.com/386x372.bmp/ff4444/ffffff
4432796278;Cornflakes EN;100000;445;PH;en;Category 5;TVA 20%;A;http://dummyimage.com/306x347.png/cc0000/ffffff
9215788611;Russian Prince EN;100000;80;CN;en;Category 1;TVA 20%;A;http://dummyimage.com/266x267.bmp/dddddd/000000
16544471;Beans - Black Bean, Canned EN;100000;18;FR;en;Category 2;TVA 20%;A;http://dummyimage.com/279x324.png/ff4444/ffffff
7402465853;Bread - Wheat Baguette EN;100000;45;EC;en;Category 8;TVA 20%;A;http://dummyimage.com/254x380.png/5fa2dd/ffffff
2936942217;Amaretto EN;100000;343;AM;en;Category 7;TVA 20%;A;http://dummyimage.com/303x286.jpg/ff4444/ffffff
3414503611;Currants EN;100000;178;CN;en;Category 9;TVA 20%;A;http://dummyimage.com/299x275.jpg/ff4444/ffffff
636508455;Pasta - Fettuccine, Dry EN;100000;286;AM;en;Category 6;TVA 20%;A;http://dummyimage.com/386x368.bmp/cc0000/ffffff
4781079954;Coconut Milk - Unsweetened EN;100000;439;ID;en;Category 2;TVA 20%;A;http://dummyimage.com/337x268.jpg/cc0000/ffffff
6774143741;Ham - Cooked Italian EN;100000;263;GR;en;Category 7;TVA 20%;A;http://dummyimage.com/291x314.bmp/ff4444/ffffff
7928547597;Bread Base - Gold Formel EN;100000;205;CN;en;Category 9;TVA 20%;A;http://dummyimage.com/283x365.jpg/5fa2dd/ffffff
5465365447;Cinnamon Rolls EN;100000;195;CN;en;Category 3;TVA 20%;A;http://dummyimage.com/318x334.bmp/dddddd/000000
7650673987;Asparagus - Frozen EN;100000;238;ID;en;Category 1;TVA 20%;A;http://dummyimage.com/382x370.bmp/cc0000/ffffff
8129051761;Beef - Tenderloin Tails EN;100000;37;FR;en;Category 8;TVA 20%;A;http://dummyimage.com/328x318.bmp/dddddd/000000
5027503156;Heavy Duty Dust Pan EN;100000;65;CN;en;Category 6;TVA 20%;A;http://dummyimage.com/341x265.jpg/dddddd/000000
3600775278;Petit Baguette EN;100000;174;PH;en;Category 9;TVA 20%;A;http://dummyimage.com/375x300.bmp/dddddd/000000
9375918653;Horseradish - Prepared EN;100000;1;PH;en;Category 1;TVA 20%;A;http://dummyimage.com/258x281.jpg/5fa2dd/ffffff
184366895;Chicken - Wings, Tip Off EN;100000;279;ID;en;Category 5;TVA 20%;A;http://dummyimage.com/380x279.jpg/ff4444/ffffff
7007191096;Muffin Mix - Oatmeal EN;100000;269;ID;en;Category 10;TVA 20%;A;http://dummyimage.com/364x368.png/dddddd/000000
4262791661;Wine - Red, Wolf Blass, Yellow EN;100000;189;CN;en;Category 1;TVA 20%;A;http://dummyimage.com/261x314.png/cc0000/ffffff
5924315517;Butter - Salted, Micro EN;100000;487;SE;en;Category 4;TVA 20%;A;http://dummyimage.com/349x365.jpg/ff4444/ffffff
6576727364;Pepsi - Diet, 355 Ml EN;100000;49;ID;en;Category 7;TVA 20%;A;http://dummyimage.com/310x286.bmp/5fa2dd/ffffff
9425798702;Wine - Red, Mouton Cadet EN;100000;433;AL;en;Category 1;TVA 20%;A;http://dummyimage.com/268x365.png/5fa2dd/ffffff
1371790221;Lettuce - Curly Endive EN;100000;171;IR;en;Category 8;TVA 20%;A;http://dummyimage.com/339x363.jpg/dddddd/000000
441692834;Bread - Calabrese Baguette EN;100000;183;CZ;en;Category 10;TVA 20%;A;http://dummyimage.com/303x267.bmp/cc0000/ffffff
9208160262;Goulash Seasoning EN;100000;259;CN;en;Category 3;TVA 20%;A;http://dummyimage.com/321x324.bmp/5fa2dd/ffffff
7174804632;Puff Pastry - Sheets EN;100000;201;VN;en;Category 7;TVA 20%;A;http://dummyimage.com/329x375.bmp/5fa2dd/ffffff
1414393946;Wine - Sauvignon Blanc Oyster EN;100000;25;DE;en;Category 10;TVA 20%;A;http://dummyimage.com/324x395.jpg/5fa2dd/ffffff
9568830359;Milk - 2% 250 Ml EN;100000;433;RS;en;Category 5;TVA 20%;A;http://dummyimage.com/337x280.bmp/dddddd/000000
9527241618;Cheese - Mascarpone EN;100000;32;FR;en;Category 5;TVA 20%;A;http://dummyimage.com/353x250.png/5fa2dd/ffffff
1120993474;Veal - Leg, Provimi - 50 Lb Max EN;100000;491;WS;en;Category 10;TVA 20%;A;http://dummyimage.com/308x297.bmp/ff4444/ffffff
9174907840;Wine - Piper Heidsieck Brut EN;100000;415;ID;en;Category 7;TVA 20%;A;http://dummyimage.com/330x396.png/dddddd/000000
8915061225;Bread - Triangle White EN;100000;428;CA;en;Category 7;TVA 20%;A;http://dummyimage.com/369x386.png/cc0000/ffffff
2560379929;Veal - Bones EN;100000;53;ID;en;Category 10;TVA 20%;A;http://dummyimage.com/288x271.jpg/ff4444/ffffff
7374995121;Appetizer - Southwestern EN;100000;126;MX;en;Category 7;TVA 20%;A;http://dummyimage.com/295x356.jpg/dddddd/000000
3984875770;Pear - Prickly EN;100000;53;ID;en;Category 2;TVA 20%;A;http://dummyimage.com/281x310.png/cc0000/ffffff
9179254381;Crab - Meat Combo EN;100000;362;ID;en;Category 9;TVA 20%;A;http://dummyimage.com/321x313.jpg/cc0000/ffffff
5141850676;Table Cloth 62x114 Colour EN;100000;117;PL;en;Category 7;TVA 20%;A;http://dummyimage.com/372x305.png/dddddd/000000
4677764980;Longos - Cheese Tortellini EN;100000;315;BR;en;Category 6;TVA 20%;A;http://dummyimage.com/262x327.bmp/5fa2dd/ffffff
2401203362;Scampi Tail EN;100000;196;TZ;en;Category 2;TVA 20%;A;http://dummyimage.com/377x344.jpg/5fa2dd/ffffff
8958121165;Wine - Sawmill Creek Autumn EN;100000;194;BD;en;Category 10;TVA 20%;A;http://dummyimage.com/271x289.bmp/ff4444/ffffff
1858233755;Cream Of Tartar EN;100000;15;PT;en;Category 7;TVA 20%;A;http://dummyimage.com/329x270.png/dddddd/000000
6984152550;Whmis - Spray Bottle Trigger EN;100000;390;VE;en;Category 1;TVA 20%;A;http://dummyimage.com/373x396.jpg/ff4444/ffffff
7031683394;Figs EN;100000;402;CZ;en;Category 9;TVA 20%;A;http://dummyimage.com/308x313.jpg/cc0000/ffffff
8257051020;Sloe Gin - Mcguinness EN;100000;449;JP;en;Category 3;TVA 20%;A;http://dummyimage.com/258x323.png/dddddd/000000
5578576419;Brandy Cherry - Mcguinness EN;100000;427;CN;en;Category 1;TVA 20%;A;http://dummyimage.com/390x251.jpg/5fa2dd/ffffff
36066095;Wine - Puligny Montrachet A. EN;100000;379;ZA;en;Category 1;TVA 20%;A;http://dummyimage.com/254x371.bmp/ff4444/ffffff
4682059955;Pail - 15l White, With Handle EN;100000;438;ID;en;Category 2;TVA 20%;A;http://dummyimage.com/294x390.jpg/dddddd/000000
7522134366;Coffee - Decaffeinato Coffee EN;100000;387;CO;en;Category 9;TVA 20%;A;http://dummyimage.com/319x272.png/ff4444/ffffff
2481376854;Wine - Sake EN;100000;483;PH;en;Category 10;TVA 20%;A;http://dummyimage.com/291x348.bmp/dddddd/000000
2993091204;Milk - 1% EN;100000;463;FR;en;Category 2;TVA 20%;A;http://dummyimage.com/259x321.png/5fa2dd/ffffff
2149225476;Butter - Unsalted EN;100000;332;PH;en;Category 8;TVA 20%;A;http://dummyimage.com/314x330.bmp/cc0000/ffffff
8546306184;Cattail Hearts EN;100000;96;VE;en;Category 4;TVA 20%;A;http://dummyimage.com/273x321.bmp/dddddd/000000
1339685612;Wine - Malbec Trapiche Reserve EN;100000;140;PE;en;Category 6;TVA 20%;A;http://dummyimage.com/310x302.bmp/ff4444/ffffff
9605490978;Soup - Beef Conomme, Dry EN;100000;60;PK;en;Category 5;TVA 20%;A;http://dummyimage.com/254x351.bmp/ff4444/ffffff
4370124557;Oil - Safflower EN;100000;482;RU;en;Category 9;TVA 20%;A;http://dummyimage.com/293x368.bmp/dddddd/000000
1845742257;Spice - Peppercorn Melange EN;100000;323;CN;en;Category 5;TVA 20%;A;http://dummyimage.com/367x261.bmp/cc0000/ffffff
9306697597;Cream - 18% EN;100000;278;MX;en;Category 10;TVA 20%;A;http://dummyimage.com/253x281.bmp/cc0000/ffffff
7150619169;Cheese - Montery Jack EN;100000;221;AX;en;Category 5;TVA 20%;A;http://dummyimage.com/340x336.bmp/5fa2dd/ffffff
7715040835;Pickerel - Fillets EN;100000;263;CN;en;Category 8;TVA 20%;A;http://dummyimage.com/309x298.jpg/cc0000/ffffff
2466789175;Sole - Fillet EN;100000;434;UG;en;Category 3;TVA 20%;A;http://dummyimage.com/381x335.bmp/cc0000/ffffff
6810599355;Flour - Rye EN;100000;127;MG;en;Category 4;TVA 20%;A;http://dummyimage.com/309x341.bmp/dddddd/000000
4239800927;Fennel - Seeds EN;100000;175;PH;en;Category 1;TVA 20%;A;http://dummyimage.com/367x291.jpg/cc0000/ffffff
7342573302;Sugar - Invert EN;100000;411;RU;en;Category 5;TVA 20%;A;http://dummyimage.com/400x366.bmp/5fa2dd/ffffff
4983271783;Compound - Passion Fruit EN;100000;79;PT;en;Category 4;TVA 20%;A;http://dummyimage.com/314x349.png/ff4444/ffffff
2957923203;Onions - Cippolini EN;100000;255;TH;en;Category 10;TVA 20%;A;http://dummyimage.com/308x392.png/5fa2dd/ffffff
1700405101;Juice - Cranberry, 341 Ml EN;100000;217;CN;en;Category 2;TVA 20%;A;http://dummyimage.com/323x379.jpg/cc0000/ffffff
7951091286;Dome Lid Clear P92008h EN;100000;349;CN;en;Category 10;TVA 20%;A;http://dummyimage.com/397x354.png/ff4444/ffffff
2682389805;Cinnamon - Ground EN;100000;389;FR;en;Category 2;TVA 20%;A;http://dummyimage.com/342x344.bmp/5fa2dd/ffffff
5367527035;Foam Tray S2 EN;100000;91;SE;en;Category 5;TVA 20%;A;http://dummyimage.com/327x253.jpg/cc0000/ffffff
573942269;Beans - Turtle, Black, Dry EN;100000;489;PL;en;Category 1;TVA 20%;A;http://dummyimage.com/253x271.jpg/ff4444/ffffff
5957788120;Absolut Citron EN;100000;278;MX;en;Category 6;TVA 20%;A;http://dummyimage.com/307x373.png/cc0000/ffffff
5559186414;Fib N9 - Prague Powder EN;100000;161;NG;en;Category 10;TVA 20%;A;http://dummyimage.com/369x358.png/cc0000/ffffff
9633034981;Milk - 2% EN;100000;353;VE;en;Category 3;TVA 20%;A;http://dummyimage.com/272x281.jpg/ff4444/ffffff
887741118;Appetizer - Shrimp Puff EN;100000;261;CN;en;Category 7;TVA 20%;A;http://dummyimage.com/354x334.bmp/dddddd/000000
8068206361;Vermouth - White, Cinzano EN;100000;327;CN;en;Category 1;TVA 20%;A;http://dummyimage.com/308x259.png/ff4444/ffffff
1981252924;Hipnotiq Liquor EN;100000;285;CZ;en;Category 10;TVA 20%;A;http://dummyimage.com/383x262.png/5fa2dd/ffffff
426506332;Trueblue - Blueberry EN;100000;66;PE;en;Category 1;TVA 20%;A;http://dummyimage.com/313x271.png/dddddd/000000
3606776330;Swiss Chard - Red EN;100000;141;CO;en;Category 9;TVA 20%;A;http://dummyimage.com/279x287.jpg/ff4444/ffffff
6969549623;Wine - Semi Dry Riesling Vineland EN;100000;180;PL;en;Category 4;TVA 20%;A;http://dummyimage.com/384x369.png/dddddd/000000
3906725464;Wine - Savigny - Les - Beaune EN;100000;228;PL;en;Category 10;TVA 20%;A;http://dummyimage.com/387x360.jpg/ff4444/ffffff
79416845;7up Diet, 355 Ml EN;100000;225;ID;en;Category 7;TVA 20%;A;http://dummyimage.com/255x285.bmp/5fa2dd/ffffff
8285397610;Wine - Masi Valpolocell EN;100000;461;PT;en;Category 5;TVA 20%;A;http://dummyimage.com/377x306.jpg/cc0000/ffffff
2166342183;Ginsing - Fresh EN;100000;118;CO;en;Category 7;TVA 20%;A;http://dummyimage.com/273x328.bmp/dddddd/000000
6084529720;Pear - Prickly EN;100000;481;NG;en;Category 3;TVA 20%;A;http://dummyimage.com/384x367.jpg/cc0000/ffffff
2046712226;Seaweed Green Sheets EN;100000;200;ID;en;Category 4;TVA 20%;A;http://dummyimage.com/370x375.jpg/ff4444/ffffff
4699111637;Cafe Royale EN;100000;92;XK;en;Category 7;TVA 20%;A;http://dummyimage.com/342x306.jpg/dddddd/000000
3920819446;Containter - 3oz Microwave Rect. EN;100000;416;CZ;en;Category 10;TVA 20%;A;http://dummyimage.com/313x271.bmp/cc0000/ffffff
6263863471;Lotus Root EN;100000;307;CN;en;Category 1;TVA 20%;A;http://dummyimage.com/376x260.png/5fa2dd/ffffff
4086297469;Mushroom - Trumpet, Dry EN;100000;338;MN;en;Category 6;TVA 20%;A;http://dummyimage.com/298x332.jpg/cc0000/ffffff
9600524076;Quail - Whole, Bone - In EN;100000;131;KR;en;Category 7;TVA 20%;A;http://dummyimage.com/398x400.png/ff4444/ffffff
5662370559;Table Cloth 90x90 White EN;100000;430;PH;en;Category 3;TVA 20%;A;http://dummyimage.com/293x316.jpg/ff4444/ffffff
8362893001;Chicken - Breast, 5 - 7 Oz EN;100000;348;CZ;en;Category 10;TVA 20%;A;http://dummyimage.com/259x338.png/ff4444/ffffff
3824981920;Wine - Fontanafredda Barolo EN;100000;492;BR;en;Category 3;TVA 20%;A;http://dummyimage.com/320x310.png/dddddd/000000
5299874618;Glove - Cutting EN;100000;116;ID;en;Category 5;TVA 20%;A;http://dummyimage.com/378x364.png/dddddd/000000
482550090;Cheese - St. Andre EN;100000;340;LA;en;Category 10;TVA 20%;A;http://dummyimage.com/261x254.jpg/ff4444/ffffff
2783263874;Coffee - Dark Roast EN;100000;492;FR;en;Category 7;TVA 20%;A;http://dummyimage.com/298x292.png/dddddd/000000
8165239503;Kiwi EN;100000;64;BR;en;Category 8;TVA 20%;A;http://dummyimage.com/323x313.bmp/cc0000/ffffff
6969731103;Cookie - Oatmeal EN;100000;283;BR;en;Category 4;TVA 20%;A;http://dummyimage.com/261x280.jpg/dddddd/000000
4045180796;Napkin - Beverage 1 Ply EN;100000;450;TH;en;Category 4;TVA 20%;A;http://dummyimage.com/280x387.bmp/5fa2dd/ffffff
3116537267;Oil - Canola EN;100000;118;UA;en;Category 6;TVA 20%;A;http://dummyimage.com/255x333.jpg/5fa2dd/ffffff
7269570647;Veal - Sweetbread EN;100000;71;NI;en;Category 10;TVA 20%;A;http://dummyimage.com/309x286.jpg/ff4444/ffffff
470612304;Cheese - Perron Cheddar EN;100000;232;BR;en;Category 6;TVA 20%;A;http://dummyimage.com/348x271.png/ff4444/ffffff
6328182724;Whmis - Spray Bottle Trigger EN;100000;117;CA;en;Category 2;TVA 20%;A;http://dummyimage.com/350x329.png/cc0000/ffffff
7387946027;Sauce - Soya, Light EN;100000;408;CN;en;Category 1;TVA 20%;A;http://dummyimage.com/398x284.jpg/5fa2dd/ffffff
4682259784;Soup - Campbells Beef Stew EN;100000;194;PE;en;Category 5;TVA 20%;A;http://dummyimage.com/361x291.jpg/ff4444/ffffff
3753893188;Kohlrabi EN;100000;477;MV;en;Category 3;TVA 20%;A;http://dummyimage.com/283x376.png/dddddd/000000
9186137190;Berry Brulee EN;100000;257;VN;en;Category 2;TVA 20%;A;http://dummyimage.com/326x265.png/5fa2dd/ffffff
6166482655;Quail Eggs - Canned EN;100000;495;CN;en;Category 5;TVA 20%;A;http://dummyimage.com/362x346.bmp/cc0000/ffffff
1779919689;Cheese - Shred Cheddar / Mozza EN;100000;120;HR;en;Category 1;TVA 20%;A;http://dummyimage.com/339x355.png/dddddd/000000
2270771303;Soup - Campbells - Tomato EN;100000;164;PL;en;Category 10;TVA 20%;A;http://dummyimage.com/335x293.png/cc0000/ffffff
9060367367;Chocolate - Chips Compound EN;100000;489;ID;en;Category 6;TVA 20%;A;http://dummyimage.com/328x397.jpg/ff4444/ffffff
453378692;Nut - Chestnuts, Whole EN;100000;173;US;en;Category 6;TVA 20%;A;http://dummyimage.com/310x343.bmp/5fa2dd/ffffff
3706740842;Muffin - Bran Ind Wrpd EN;100000;330;CZ;en;Category 9;TVA 20%;A;http://dummyimage.com/365x341.png/5fa2dd/ffffff
6659101519;Artichoke - Bottom, Canned EN;100000;103;CZ;en;Category 5;TVA 20%;A;http://dummyimage.com/251x269.png/cc0000/ffffff
7077203107;Sauce - Rosee EN;100000;149;CA;en;Category 7;TVA 20%;A;http://dummyimage.com/354x264.png/dddddd/000000
6506450193;Asparagus - White, Fresh EN;100000;393;PT;en;Category 9;TVA 20%;A;http://dummyimage.com/322x396.jpg/dddddd/000000
8729429366;Chicken - Tenderloin EN;100000;197;MX;en;Category 2;TVA 20%;A;http://dummyimage.com/273x366.png/5fa2dd/ffffff
7971281595;Brandy Apricot EN;100000;159;CN;en;Category 7;TVA 20%;A;http://dummyimage.com/255x351.jpg/5fa2dd/ffffff
97367176;Artichokes - Jerusalem EN;100000;322;FR;en;Category 5;TVA 20%;A;http://dummyimage.com/355x382.png/ff4444/ffffff
7732802179;Mousse - Mango EN;100000;119;CN;en;Category 7;TVA 20%;A;http://dummyimage.com/330x364.jpg/5fa2dd/ffffff
5182579659;Pepsi - Diet, 355 Ml EN;100000;287;PT;en;Category 7;TVA 20%;A;http://dummyimage.com/318x319.png/dddddd/000000
3964164704;Veal - Tenderloin, Untrimmed EN;100000;43;CN;en;Category 3;TVA 20%;A;http://dummyimage.com/333x382.bmp/5fa2dd/ffffff
5653251895;Muffin Carrot - Individual EN;100000;79;MZ;en;Category 6;TVA 20%;A;http://dummyimage.com/394x395.bmp/5fa2dd/ffffff
8279320016;Cabbage Roll EN;100000;272;UG;en;Category 1;TVA 20%;A;http://dummyimage.com/321x380.png/ff4444/ffffff
257895825;Pomello EN;100000;188;PL;en;Category 10;TVA 20%;A;http://dummyimage.com/372x370.jpg/5fa2dd/ffffff
4006423500;Cheese - Asiago EN;100000;36;CN;en;Category 7;TVA 20%;A;http://dummyimage.com/365x260.bmp/dddddd/000000
4764436361;Sage Derby EN;100000;240;PL;en;Category 2;TVA 20%;A;http://dummyimage.com/372x312.bmp/5fa2dd/ffffff
4975458209;Bread - Roll, Canadian Dinner EN;100000;428;US;en;Category 7;TVA 20%;A;http://dummyimage.com/305x343.bmp/dddddd/000000
8162096477;Lidsoupcont Rp12dn EN;100000;348;FJ;en;Category 6;TVA 20%;A;http://dummyimage.com/313x367.jpg/5fa2dd/ffffff
462280853;Wine - Ice Wine EN;100000;355;CN;en;Category 2;TVA 20%;A;http://dummyimage.com/350x321.jpg/cc0000/ffffff
1007100907;Everfresh Products EN;100000;187;ID;en;Category 7;TVA 20%;A;http://dummyimage.com/287x370.png/ff4444/ffffff
386724105;Chocolate - Unsweetened EN;100000;396;PK;en;Category 6;TVA 20%;A;http://dummyimage.com/252x259.png/5fa2dd/ffffff
7486585677;Food Colouring - Orange EN;100000;118;CZ;en;Category 8;TVA 20%;A;http://dummyimage.com/295x351.jpg/cc0000/ffffff
328101370;Eel - Smoked EN;100000;255;RU;en;Category 7;TVA 20%;A;http://dummyimage.com/263x327.jpg/5fa2dd/ffffff
9401863423;Jello - Assorted EN;100000;51;PL;en;Category 10;TVA 20%;A;http://dummyimage.com/355x372.jpg/dddddd/000000
6791773480;Mop Head - Cotton, 24 Oz EN;100000;109;RU;en;Category 1;TVA 20%;A;http://dummyimage.com/296x265.bmp/dddddd/000000
5867612821;Wine - Chenin Blanc K.w.v. EN;100000;51;BD;en;Category 3;TVA 20%;A;http://dummyimage.com/315x267.bmp/cc0000/ffffff
1785177893;Wine - Red, Mosaic Zweigelt EN;100000;214;AR;en;Category 3;TVA 20%;A;http://dummyimage.com/364x364.bmp/5fa2dd/ffffff
6088267321;Pomegranates EN;100000;115;PH;en;Category 1;TVA 20%;A;http://dummyimage.com/294x309.png/ff4444/ffffff
7221473196;Smoked Paprika EN;100000;286;MA;en;Category 7;TVA 20%;A;http://dummyimage.com/265x398.jpg/5fa2dd/ffffff
7603354242;Wine - Prem Select Charddonany EN;100000;330;HR;en;Category 4;TVA 20%;A;http://dummyimage.com/272x288.png/5fa2dd/ffffff
9328295556;Sauce Bbq Smokey EN;100000;359;ID;en;Category 10;TVA 20%;A;http://dummyimage.com/369x278.png/ff4444/ffffff
8640201250;Ham - Virginia EN;100000;482;CN;en;Category 9;TVA 20%;A;http://dummyimage.com/316x366.bmp/ff4444/ffffff
2211128610;External Supplier EN;100000;87;ID;en;Category 3;TVA 20%;A;http://dummyimage.com/353x350.png/ff4444/ffffff
2979264164;Daikon Radish EN;100000;82;AT;en;Category 9;TVA 20%;A;http://dummyimage.com/397x373.bmp/ff4444/ffffff
